<?xml version="1.0" encoding="UTF-8"?>
<?xml-stylesheet href="agid-peppol-document-syntax-v1.0.xsl" type="text/xsl"?>
<Structure xmlns="urn:fdc:difi.no:2017:vefa:structure-1" xmlns:agid="urn:fdc:agid.gov.it:peppol:customization">
	<Term>OrderResponse</Term>
	<agid:Extension>
		<agid:ID>urn:www.ubl-italia.org:spec:ordine:ver3.1</agid:ID>
		<agid:Name>AGID PEPPOL Order Response transaction 3.0 (T76)</agid:Name>
		<agid:Version>3.1</agid:Version>
	</agid:Extension>
	
	<Property key="sch:prefix">PEPPOL-T76</Property>
	<Property key="sch:identifier">T76-basic</Property>
	
	
	<Namespace prefix="ubl">urn:oasis:names:specification:ubl:schema:xsd:OrderResponse-2</Namespace>
	<Namespace prefix="cac">urn:oasis:names:specification:ubl:schema:xsd:CommonAggregateComponents-2"</Namespace>
	<Namespace prefix="cbc">urn:oasis:names:specification:ubl:schema:xsd:CommonBasicComponents-2</Namespace>
	<Document>
		<Term>ubl:OrderResponse</Term>
		<Element agid:custom="fixed-value">
			<Term>cbc:CustomizationID</Term>
			<Name>Specification identification</Name>
			<Description>Identifies the specification of content and rules that apply to the
                transaction.</Description>
			<DataType>Identifier</DataType>
			<Reference type="BUSINESS_TERM">tir76-001</Reference>
			<Reference type="RULE">INT-T76-R003</Reference>
			<Value type="FIXED">urn:fdc:peppol.eu:poacc:trns:order_response:3:extended:urn:www.ubl-italia.org:spec:ordine:ver3.1</Value>
		</Element>
		<Element agid:custom="fixed-value">
			<Term>cbc:ProfileID</Term>
			<Name>Business process type identifier</Name>
			<Description>Identifies the BII profile or business process context in which the
                transaction appears.</Description>
			<DataType>Identifier</DataType>
			<Reference type="BUSINESS_TERM">tir76-002</Reference>
			<Reference type="RULE">INT-T76-R003</Reference>
			<Value type="FIXED">urn:fdc:peppol.eu:poacc:bis:ordering:3</Value>
		</Element>
		<Element>
			<Term>cbc:ID</Term>
			<Name>Order response identifier</Name>
			<Description>A transaction instance must have an identifier. The identifier enables
                referencing the transaction for various purposes such as from other transactions
                that are part of the same process.</Description>
			<DataType>Identifier</DataType>
			<Reference type="BUSINESS_TERM">tir76-003</Reference>
			<Value type="EXAMPLE">or0987</Value>
		</Element>
		<Element cardinality="0..1">
			<Term>cbc:SalesOrderID</Term>
			<Name>Sales order reference</Name>
			<Description>An identifier of a referenced sales order, issued by the Seller.</Description>
			<DataType>Document Reference</DataType>
			<Reference type="BUSINESS_TERM">tir76-p007</Reference>
			<Value type="EXAMPLE">112233</Value>
		</Element>
		<Element>
			<Term>cbc:IssueDate</Term>
			<Name>Order response issue date</Name>
			<Description>The date on which the transaction instance was issued.</Description>
			<DataType>Date</DataType>
			<Reference type="BUSINESS_TERM">tir76-004</Reference>
			<Value type="EXAMPLE">2018-05-15</Value>
		</Element>
		<Element cardinality="0..1">
			<Term>cbc:IssueTime</Term>
			<Name>Order response issue time</Name>
			<Description>The time on which the transaction instance was issued</Description>
			<DataType>Time</DataType>
			<Reference type="BUSINESS_TERM">tir76-005</Reference>
			<Value type="EXAMPLE">09:23:56</Value>
		</Element>
		<Element>
			<Term>cbc:OrderResponseCode</Term>
			<Name>Response code</Name>
			<Description>A code that indicates whether the referenced order has been received and not yet processed, 
				or is Accepted or Rejected as whole, alternatively, Accepted with change or already delivered.If response code is Accept or
                Reject there may not be any response lines.</Description>
			<DataType>Code</DataType>
			<Reference type="BUSINESS_TERM">tir76-200</Reference>
			<Reference type="CODE_LIST">UNCL4343-T76</Reference>
			<Value type="EXAMPLE">AP</Value>
		</Element>
		<Element cardinality="0..1">
			<Term>cbc:Note</Term>
			<Name>Response clarification</Name>
			<Description>Clarification of the suppliers decision. Obbligatorio in caso di rigetto o modifica.</Description>
			<DataType>Text</DataType>
			<Reference type="RULE">INT-T76-R010</Reference>
			<Reference type="BUSINESS_TERM">tir76-006</Reference>
		</Element>
		<Element>
			<Term>cbc:DocumentCurrencyCode</Term>
			<Name>Document currency</Name>
			<Description>The default currency for the offer.</Description>
			<Reference type="BUSINESS_TERM">tir76-007</Reference>
			<Reference type="CODE_LIST">ISO4217</Reference>
			<Value type="EXAMPLE">EUR</Value>
		</Element>
		<Element cardinality="0..1" agid:note="new">
			<Term>cbc:CustomerReference</Term>
			<Name>Buyer reference identifier</Name>
			<Description>An identifier assigned by the Buyer used for internal routing purposes.The
            identifier is defined by the buyer (contact ID, department, office id, project
            code), but provided by the seller in the order response.</Description>
			<DataType>Identifier</DataType>
			<Reference type="BUSINESS_TERM">tir110-044</Reference>
			<Value type="EXAMPLE">abc123</Value>
		</Element>
		<Element>
			<Term>cac:OrderReference</Term>
			<Name>Order reference</Name>
			<Element>
				<Term>cbc:ID</Term>
				<Name>Order document reference (***)</Name>
				<Description>Used to reference the order that is being responded to.</Description>
				<DataType>Document reference</DataType>
				<Reference type="BUSINESS_TERM">tir76-011</Reference>
				<Reference type="RULE">INT-T76-R008</Reference>
				<Value type="EXAMPLE">o-23424</Value>
			</Element>
			<Element agid:custom="extension">
				<Term>cbc:IssueDate</Term>
				<Name>Data Emissione Ordine</Name>
				<Description>The date on which the referenced Order was issued.</Description>
				<DataType>Date</DataType>
				<Reference type="RULE">INT-T76-R008</Reference>
				<Reference type="RULE">INT-T76-R013</Reference>
				<Value type="EXAMPLE">2018-09-03</Value>
			</Element>
			<Element agid:custom="extension">
				<Term>cac:DocumentReference</Term>
				<Name>Document reference</Name>
				<Description>Utilizzato esclusivamente per fornire l’identificativo della parte che originariamente ha emesso l’ordine in riferimento.</Description>
				<Element>
					<Term>cbc:ID</Term>
					<Name>Order document reference (same as ***)</Name>
					<Description>Used to reference the order that is being responded to.</Description>
					<DataType>Document reference</DataType>
					<Reference type="RULE">INT-T76-R011</Reference>
					<Value type="EXAMPLE">4832423</Value>
				</Element>
				<Element agid:custom="extension">
					<Term>cac:IssuerParty</Term>
					<Name>Issuer information</Name>
					<Description>Description of issuer</Description>
					<Reference type="RULE">INT-T76-R008</Reference>
					<Element>
						<Term>cbc:EndpointID</Term>
						<Name>Issuer party electronic address</Name>
						<Description>Identifies the issuer party's electronic address</Description>
						<DataType>Identifier</DataType>
						<Attribute>
							<Term>schemeID</Term>
							<Name>Scheme identifier</Name>
							<Description>Scheme identifier for the electronic address</Description>
							<Reference type="CODE_LIST">eas</Reference>
							<Value type="EXAMPLE">0088</Value>
						</Attribute>
						<Value type="EXAMPLE">7300010000001</Value>
					</Element>
					<Element>
						<Term>cac:PartyIdentification</Term>
						<Name>Party identification</Name>
						<Element>
							<Term>cbc:ID</Term>
							<Name>Identificativo della parte emittente</Name>
							<Description>An identification for the issuer party.</Description>
							<Attribute usage="optional">
								<Term>schemeID</Term>
								<Name>Scheme identifier</Name>
								<Description>Scheme identifier for party identification</Description>
								<Reference type="CODE_LIST">ICD</Reference>
								<Value type="EXAMPLE">0088</Value>
							</Attribute>
							<Reference type="RULE">INT-T76-R009</Reference>
							<Value type="EXAMPLE">7300010000001</Value>
						</Element>
					</Element>
				</Element>
			</Element>
		</Element>
		<Element>
			<Term>cac:SellerSupplierParty</Term>
			<Name>Seller information</Name>
			<Element cardinality="0..1">
				<Term>cac:Party</Term>
				<Name>Description of seller</Name>
				<Element>
					<Term>cbc:EndpointID</Term>
					<Name>Seller party electronic address</Name>
					<Description>Identifies the seller party's electronic address</Description>
					<DataType>Identifier</DataType>
					<Reference type="BUSINESS_TERM">tir76-058</Reference>
					<Attribute>
						<Term>schemeID</Term>
						<Name>Scheme identifier</Name>
						<Description>Scheme identifier for the electronic address</Description>
						<Reference type="CODE_LIST">eas</Reference>
						<Value type="EXAMPLE">0088</Value>
					</Attribute>
					<Value type="EXAMPLE">7300010000001</Value>
				</Element>
				<Element cardinality="0..n">
					<Term>cac:PartyIdentification</Term>
					<Name>Seller identification </Name>
					<Reference type="RULE">PEPPOL-T76-R002</Reference>
					<Element>
						<Term>cbc:ID</Term>
						<Name>Seller party identification</Name>
						<Description>Identifies a party.</Description>
						<DataType>Identifier</DataType>
						<Reference type="BUSINESS_TERM">tir76-059</Reference>
						
						<Attribute usage="optional">
							<Term>schemeID</Term>
							<Name>Scheme identifier</Name>
							<Description>Scheme identifier for party identification</Description>
							<Reference type="CODE_LIST">ICD</Reference>
							<Value type="EXAMPLE">0184</Value>
						</Attribute>
						<Value type="EXAMPLE">DK88777654</Value>
					</Element>
				</Element>
				<Element cardinality="0..1" agid:custom="extension">
					<Term>cac:PartyName</Term>
					<Name>Party name</Name>
					<Description>Name of seller</Description>
					<Element>
						<Term>cbc:Name</Term>
						<Name>Seller party trading name</Name>
						<Description>The trading name of the party.</Description>
						<DataType>Text</DataType>
						<Value type="EXAMPLE">Seller name</Value>
					</Element>
				</Element>
				<Element cardinality="0..1" agid:custom="extension">
					<Term>cac:PostalAddress</Term>
					<Name>Postal address </Name>
					<Description>Postal address of the Seller</Description>
					<Element cardinality="0..1">
						<Term>cbc:StreetName</Term>
						<Name>Address line 1</Name>
						<Description>The main address line in a postal address usually the street
							name and number.</Description>
						<DataType>Text</DataType>
					</Element>
					<Element cardinality="0..1">
						<Term>cbc:AdditionalStreetName</Term>
						<Name>Address line 2</Name>
						<Description>An additional address line in a postal address that can be used
							to give further details supplementing the main line. Common use are
							secondary house number in a complex or in a building.</Description>
						<DataType>Text</DataType>
					</Element>
					<Element cardinality="0..1">
						<Term>cbc:CityName</Term>
						<Name>City</Name>
						<Description>The common name of the city where the postal address is. The
							name is written in full rather than as a code.</Description>
						<DataType>Text</DataType>
					</Element>
					<Element cardinality="0..1">
						<Term>cbc:PostalZone</Term>
						<Name>Post code</Name>
						<Description>The identifier for an addressable group of properties according
							to the relevant national postal service, such as a ZIP code or Post
							Code.</Description>
						<DataType>Text</DataType>
					</Element>
					<Element cardinality="0..1">
						<Term>cbc:CountrySubentity</Term>
						<Name>Country subdivision</Name>
						<Description>For specifying a region, county, state, province etc. within a
							country by using text.</Description>
						<DataType>Text</DataType>
					</Element>
					<Element cardinality="0..1">
						<Term>cac:AddressLine</Term>
						<Name>Address line</Name>
						<Element cardinality="0..1">
							<Term>cbc:Line</Term>
							<Name>Address line 3</Name>
							<Description>An additional address line in an address that can be used
								to give further details supplementing the main line.</Description>
							<DataType>Text</DataType>
							<Value type="EXAMPLE">Gate 34</Value>
						</Element>
					</Element>

					<Element>
						<Term>cac:Country</Term>
						<Name>Country</Name>
						<Element>
							<Term>cbc:IdentificationCode</Term>
							<Name>Country code</Name>
							<Description>A code that identifies the country.The lists of valid
								countries are registered with the ISO 3166-1 Maintenance agency,
								"Codes for the representation of names of countries and their
								subdivisions". Codes must be according to the alpha-2
								representation.</Description>
							<DataType>Code</DataType>
							<Reference type="CODE_LIST">ISO3166</Reference>
							<Value type="EXAMPLE">NL</Value>
						</Element>
					</Element>
				</Element>

				<Element cardinality="0..1">
					<Term>cac:PartyLegalEntity</Term>
					<Name>Name of seller</Name>
					<Reference type="RULE">PEPPOL-T76-R002</Reference>
					
					<Element>
						<Term>cbc:RegistrationName</Term>
						<Name>Seller party name</Name>
						<Description>The name of the party.</Description>
						<DataType>Text</DataType>
						<Reference type="BUSINESS_TERM">tir76-060</Reference>
						<Value type="EXAMPLE">Seller Inc.</Value>
					</Element>
				</Element>
				<Element cardinality="0..1" agid:custom="extension">
					<Term>cac:Contact</Term>
					<Name>Contact</Name>
					<Description>Seller contact information. Obbligatorio in caso di rigetto o modifica dell’Ordine.</Description>
					<Reference type="RULE">INT-T76-R002</Reference>
					<Element cardinality="0..1">
						<Term>cbc:Name</Term>
						<Name>Contact person name</Name>
						<Description>The name of the contact person.</Description>
						<DataType>Text</DataType>
					</Element>
					<Element cardinality="0..1">
						<Term>cbc:Telephone</Term>
						<Name>Contact telephone number</Name>
						<Description>A phone number for the contact person. If the person has a
							direct number, this is that number.</Description>
						<DataType>Text</DataType>
					</Element>
					<Element cardinality="0..1">
						<Term>cbc:ElectronicMail</Term>
						<Name>Contact email address</Name>
						<Description>The e-mail address for the contact person. If the person has a
							direct e-mail this is that email.</Description>
						<DataType>Text</DataType>
					</Element>
				</Element>

			</Element>
		</Element>
		<Element>
			<Term>cac:BuyerCustomerParty</Term>
			<Name>Buyer information</Name>
			<Description>Parte acquirente che ha emesso l’ordine</Description>
			<Element>
				<Term>cac:Party</Term>
				<Name>Description of buyer</Name>
				<Element>
					<Term>cbc:EndpointID</Term>
					<Name>Buyer party electronic address</Name>
					<Description>Identifies the buyer party's electronic address</Description>
					<DataType>Identifier</DataType>
					<Reference type="BUSINESS_TERM">tir76-021</Reference>
					<Attribute>
						<Term>schemeID</Term>
						<Name>Scheme identifier</Name>
						<Description>Scheme identifier for the electronic address</Description>
						<Reference type="CODE_LIST">eas</Reference>
						<Value type="EXAMPLE">0088</Value>
					</Attribute>
					<Value type="EXAMPLE">7300010000001</Value>
				</Element>
				<Element cardinality="0..n">
					<Term>cac:PartyIdentification</Term>
					<Name>Buyer identification</Name>
					<Reference type="RULE">PEPPOL-T76-R001</Reference>
					<Element>
						<Term>cbc:ID</Term>
						<Name>Buyer party identification</Name>
						<Description>An identification for the buyer party.</Description>
						<Reference type="BUSINESS_TERM">tir76-022</Reference>
						<Reference type="RULE">INT-T76-R007</Reference>
						<Attribute usage="optional">
							<Term>schemeID</Term>
							<Name>Scheme identifier</Name>
							<Description>Scheme identifier for party identification</Description>
							<Reference type="CODE_LIST">ICD</Reference>
							<Value type="EXAMPLE">0184</Value>
						</Attribute>
						<Value type="EXAMPLE">DK88777654</Value>
					</Element>
				</Element>
				<Element cardinality="0..1" agid:custom="extension">
					<Term>cac:PartyName</Term>
					<Name>Party name</Name>
					<Description>Name of buyer</Description>
					<Element>
						<Term>cbc:Name</Term>
						<Name>Buyer party trading name</Name>
						<Description>The trading name of the party.</Description>
						<DataType>Text</DataType>
						<Value type="EXAMPLE">Buyer name</Value>
					</Element>
				</Element>
				<Element cardinality="0..1" agid:custom="extension">
					<Term>cac:PostalAddress</Term>
					<Name>Postal address</Name>
					<Description>Postal address of the Buyer</Description>
					<Element cardinality="0..1">
						<Term>cbc:StreetName</Term>
						<Name>Address line 1</Name>
						<Description>The main address line in a postal address usually the street
							name and number.</Description>
						<DataType>Text</DataType>
					</Element>
					<Element cardinality="0..1">
						<Term>cbc:AdditionalStreetName</Term>
						<Name>Address line 2</Name>
						<Description>An additional address line in a postal address that can be used
							to give further details supplementing the main line. Common use are
							secondary house number in a complex or in a building.</Description>
						<DataType>Text</DataType>
					</Element>
					<Element cardinality="0..1">
						<Term>cbc:CityName</Term>
						<Name>City</Name>
						<Description>The common name of the city where the postal address is. The
							name is written in full rather than as a code.</Description>
						<DataType>Text</DataType>
					</Element>
					<Element cardinality="0..1">
						<Term>cbc:PostalZone</Term>
						<Name>Post code</Name>
						<Description>The identifier for an addressable group of properties according
							to the relevant national postal service, such as a ZIP code or Post
							Code.</Description>
						<DataType>Text</DataType>
					</Element>
					<Element cardinality="0..1">
						<Term>cbc:CountrySubentity</Term>
						<Name>Country subdivision</Name>
						<Description>For specifying a region, county, state, province etc. within a
							country by using text.</Description>
						<DataType>Text</DataType>
					</Element>
					<Element cardinality="0..1">
						<Term>cac:AddressLine</Term>
						<Name>Address line</Name>
						<Element cardinality="0..1">
							<Term>cbc:Line</Term>
							<Name>Address line 3</Name>
							<Description>An additional address line in an address that can be used
								to give further details supplementing the main line.</Description>
							<DataType>Text</DataType>
							<Value type="EXAMPLE">Gate 34</Value>
						</Element>
					</Element>

					<Element>
						<Term>cac:Country</Term>
						<Name>Country</Name>
						<Element>
							<Term>cbc:IdentificationCode</Term>
							<Name>Country code</Name>
							<Description>A code that identifies the country.The lists of valid
								countries are registered with the ISO 3166-1 Maintenance agency,
								"Codes for the representation of names of countries and their
								subdivisions". Codes must be according to the alpha-2
								representation.</Description>
							<DataType>Code</DataType>
							<Reference type="CODE_LIST">ISO3166</Reference>
							<Value type="EXAMPLE">NL</Value>
						</Element>
					</Element>
				</Element>

				<Element cardinality="0..1">
					<Term>cac:PartyLegalEntity</Term>
					<Name>Party name</Name>
					<Reference type="RULE">PEPPOL-T76-R001</Reference>
					
					<Element>
						<Term>cbc:RegistrationName</Term>
						<Name>Buyer party name</Name>
						<Description>The name of the party who ordered the items and receives the
							response.</Description>
						<DataType>Text</DataType>
						<Reference type="BUSINESS_TERM">tir76-023</Reference>
						<Reference type="RULE">PEPPOL-T76-R001</Reference>
						<Value type="EXAMPLE">Buyer name</Value>
					</Element>
				</Element>
				<Element cardinality="0..1" agid:custom="extension">
					<Term>cac:Contact</Term>
					<Name>Contact</Name>
					<Description>Seller contact information</Description>
					<Element cardinality="0..1">
						<Term>cbc:Name</Term>
						<Name>Contact person name</Name>
						<Description>The name of the contact person.</Description>
						<DataType>Text</DataType>
					</Element>
					<Element cardinality="0..1">
						<Term>cbc:Telephone</Term>
						<Name>Contact telephone number</Name>
						<Description>A phone number for the contact person. If the person has a
							direct number, this is that number.</Description>
						<DataType>Text</DataType>
					</Element>
					<Element cardinality="0..1">
						<Term>cbc:ElectronicMail</Term>
						<Name>Contact email address</Name>
						<Description>The e-mail address for the contact person. If the person has a
							direct e-mail this is that email.</Description>
						<DataType>Text</DataType>
					</Element>
				</Element>

			</Element>
		</Element>
		<Element cardinality="0..1">
			<Term>cac:Delivery</Term>
			<Name>Delivery information </Name>
			<Element>
				<Term>cac:PromisedDeliveryPeriod</Term>
				<Name>Promised delivery period</Name>
				<Reference type="RULE">INT-T76-R012</Reference>
				<Element cardinality="0..1">
					<Term>cbc:StartDate</Term>
					<Name>Period start date</Name>
					<Description>The date on which the period starts. The start dates counts as
                        part of the period.</Description>
					<DataType>date</DataType>
					<Reference type="BUSINESS_TERM">tir76-099</Reference>
					<Reference type="RULE">PEPPOL-T76-R004</Reference>
					<Value type="EXAMPLE">2018-06-01</Value>
				</Element>
				<Element cardinality="0..1">
					<Term>cbc:EndDate</Term>
					<Name>Period end date</Name>
					<Description>The date on which the period ends. The end date counts as part of
                        the period.</Description>
					<DataType>Date</DataType>
					<Reference type="BUSINESS_TERM">tir76-100</Reference>
					<Reference type="RULE">PEPPOL-T76-R004</Reference>
					<Value type="EXAMPLE">2018-06-30</Value>
				</Element>
			</Element>
		</Element>
		<Element cardinality="0..n">
			<Term>cac:OrderLine</Term>
			<Name>Specification of order lines</Name>
			<Reference type="RULE">INT-T76-R004</Reference>
			<Reference type="RULE">INT-T76-R005</Reference>
			<Reference type="RULE">INT-T76-R006</Reference>
			<Element>
				<Term>cac:LineItem</Term>
				<Name>Description of line item</Name>
				<Element>
					<Term>cbc:ID</Term>
					<Name>Document line identifier</Name>
					<Description>Identifies the response line. Each order response line MUST be unique within the order response.</Description>
					<DataType>Identifier</DataType>
					<Reference type="BUSINESS_TERM">tir76-120</Reference>
					<Reference type="RULE">PEPPOL-T76-R003</Reference>
					<Value type="EXAMPLE">3</Value>
				</Element>
				<Element cardinality="0..1">
					<Term>cbc:Note</Term>
					<Name>Response clarification</Name>
					<Description>Clarifacation of the suppliers decision for the
                        line.</Description>
					<DataType>Text</DataType>
					<Reference type="BUSINESS_TERM">tir76-204</Reference>
					<Value type="EXAMPLE">Please note our offices are closed in July, all orders received will be processed in August</Value>
				</Element>
				<Element>
					<Term>cbc:LineStatusCode</Term>
					<Name>Response code</Name>
					<Description>A code that indicates whether the referenced order line as whole
                        is Accepted or Rejected or, alternatively, Accepted with
                        change.</Description>
					<Reference type="BUSINESS_TERM">tir76-202</Reference>
					<Reference type="CODE_LIST">UNCL1229</Reference>
					
					<Value type="EXAMPLE">3</Value>
				</Element>
				<Element cardinality="0..1">
					<Term>cbc:Quantity</Term>
					<Name>Quantity</Name>
					<Description>The quantity of items that will be delivered.</Description>
					<DataType>Quantity</DataType>
					<Reference type="BUSINESS_TERM">tir76-132</Reference>
					<Attribute>
						<Term>unitCode</Term>
						<Name>Ordered quantity unit of measure</Name>
						<Description>The unit of measure that applies to the ordered quantity.</Description>
						<DataType>Code</DataType>
						<Reference type="CODE_LIST">UNECERec20</Reference>
						<Value type="EXAMPLE">C62</Value>
					</Attribute>
					<Value type="EXAMPLE">10</Value>
				</Element>
				<Element cardinality="0..1" agid:note="new">
					<Term>cbc:MaximumBackorderQuantity</Term>
					<Name>Maximum backorder quantity</Name>
					<Description>The quantity of items that will be delivered at a later time. 
						A unit for the backordered quantity is the same as for the Quantity. 
						If none of the remaining quantity for the response line is to be delivered, use 0 "zero".</Description>
					<DataType>Quantity</DataType>
					<Reference type="BUSINESS_TERM">tir76-p005</Reference>
					<Value type="EXAMPLE">3</Value>
				</Element>
				<Element cardinality="0..1">
					<Term>cac:Delivery</Term>
					<Name>Delivery information</Name>
					<Element>
						<Term>cac:PromisedDeliveryPeriod</Term>
						<Name>Delivery period</Name>
						<Element cardinality="0..1">
							<Term>cbc:StartDate</Term>
							<Name>Period start date</Name>
							<Description>The date on which the period starts. The start dates
                                counts as part of the period.</Description>
							<DataType>Date</DataType>
							<Reference type="BUSINESS_TERM">tir76-126</Reference>
							<Reference type="RULE">PEPPOL-T76-R004</Reference>
							<Value type="EXAMPLE">2018-05-28</Value>
						</Element>
						<Element cardinality="0..1">
							<Term>cbc:EndDate</Term>
							<Name>Period end date</Name>
							<Description>The date on which the period ends. The end date counts as
                                part of the period.</Description>
							<DataType>Date</DataType>
							<Reference type="BUSINESS_TERM">tir76-127</Reference>
							<Reference type="RULE">PEPPOL-T76-R004</Reference>
							<Value type="EXAMPLE">2018-05-29</Value>
						</Element>
					</Element>
				</Element>
				<Element cardinality="0..1">
					<Term>cac:Price</Term>
					<Name>Price information</Name>
					<Element>
						<Term>cbc:PriceAmount</Term>
						<Name>Item price</Name>
						<Description>The net price of an item including discounts or surcharges
                            that apply to the price.Although price is an optional element in an
                            offer it recommended as best practice to either state the price or
                            provide reference to an appropriate source from which the price can be
                            identified such as a contract, catalogue or a quote.. The price amount.
                            The net price of the item including all allowances, charges and taxes
                            but exluding VAT.</Description>
						<DataType>Price amount</DataType>
						<Reference type="BUSINESS_TERM">tir76-130</Reference>
						<Attribute>
							<Term>currencyID</Term>
							<Description>Currency identifier, must have the same value as element "Document currency".</Description>
							<Reference type="CODE_LIST">ISO4217</Reference>
							<Reference type="RULE">PEPPOL-T76-R004</Reference>
							<Value type="EXAMPLE">EUR</Value>
						</Attribute>
						<Value type="EXAMPLE">1000.00</Value>
					</Element>
					<Element cardinality="0..1">
						<Term>cbc:BaseQuantity</Term>
						<Name>Item price base quantity</Name>
						<Description>The actual quantity to which the price applies.</Description>
						<DataType>Quantity</DataType>
						<Reference type="BUSINESS_TERM">tir76-131</Reference>
						<Attribute>
							<Term>unitCode</Term>
							<Name>Base quantity unit of measure</Name>
							<Description>The unit of measure that applies to the base quantity.</Description>
							<DataType>Code</DataType>
							<Reference type="CODE_LIST">UNECERec20</Reference>
							<Value type="EXAMPLE">C62</Value>
						</Attribute>
						<Value type="EXAMPLE">2</Value>
					</Element>
				</Element>
				<Element>
					<Term>cac:Item</Term>
					<Name>Item information</Name>
					<Element>
						<Term>cbc:Name</Term>
						<Name>Item name</Name>
						<Description>A short name given to an item, such as a name from
                            a Catalogue, as distinct from a description. A short name for the
                            item.</Description>
						<DataType>Text</DataType>
						<Reference type="BUSINESS_TERM">tir76-205</Reference>
						<Value type="EXAMPLE">Copy paper, 500 sheets</Value>
					</Element>
					<Element cardinality="0..1" agid:note="new">
						<Term>cac:BuyersItemIdentification</Term>
						<Name>Buyer item identification</Name>
						
						<Element>
							<Term>cbc:ID</Term>
							<Name>Buyers item identifier</Name>
							<Description>An identifier, assigned by the buyer, for the
								item. Associates the item with its identification according to the
								buyer's system. </Description>
							<DataType>Identifier</DataType>
							<Reference type="BUSINESS_TERM">tir76-p006</Reference>
							<Value type="EXAMPLE">111111</Value>
						</Element>
					</Element>
					
					<Element cardinality="0..1">
						<Term>cac:SellersItemIdentification</Term>
						<Name>Sellers item identification</Name>
						<Element>
							<Term>cbc:ID</Term>
							<Name>The Sellers item identifier</Name>
							<Description>An identifier, assigned by the seller, for the
								item. Associates the item with its identification according to the
								seller's system. </Description>
							<DataType>Identifier</DataType>
							<Reference type="BUSINESS_TERM">tir76-206</Reference>
							
							<Value type="EXAMPLE">3249834</Value>
						</Element>
					</Element>
					<Element cardinality="0..1">
						<Term>cac:StandardItemIdentification</Term>
						<Name>Standard item identification</Name>
						<Element>
							<Term>cbc:ID</Term>
							<Name>Item standard identifier</Name>
							<Description>An item identifier based on a registered scheme. Associates
								the item with its identification according to a standard system.</Description>
							<DataType>Identifier</DataType>
							<Reference type="BUSINESS_TERM">tir76-207</Reference>
							
							<Attribute>
								<Term>schemeID</Term>
								<Name>Item standard identifier identification scheme identifier</Name>
								<Description>The identification scheme identifier of the Item standard identifier</Description>
								<Reference type="CODE_LIST">ICD</Reference>
								<Value type="EXAMPLE">0160</Value>
							</Attribute>
							<Value type="EXAMPLE">05704066204093</Value>
						</Element>
					</Element>
					
				</Element>
			</Element>
			<Element cardinality="0..1">
				<Term>cac:SellerSubstitutedLineItem</Term>
				<Name>Substituted line item by the seller</Name>
				<Element>
					<Term>cbc:ID</Term>
					<Name>Substituted Line Item Identifier </Name>
					<Description>Identifier of the substituted line item </Description>
					<Reference type="BUSINESS_TERM">tir76-p002</Reference>
					<Value type="EXAMPLE">3</Value>
				</Element>
				<Element>
					<Term>cac:Item</Term>
					<Name>Item information</Name>
					<Element cardinality="0..1">
						<Term>cbc:Name</Term>
						<Name>Item name</Name>
						<Description>A short name optionally given to an item, such as a name from
                            a Catalogue, as distinct from a description. A short name for the
                            item.</Description>
						<DataType>Text</DataType>
						<Reference type="BUSINESS_TERM">tir76-134</Reference>
						<Value type="EXAMPLE">Copy paper, 1000 sheets</Value>
					</Element>
					<Element cardinality="0..1">
						<Term>cac:SellersItemIdentification</Term>
						<Name>Sellers item identification</Name>
						<Element>
							<Term>cbc:ID</Term>
							<Name>Sellers item identifier</Name>
							<Description>An identifier, assigned by the seller, for the
                                item. Associates the item with its identification according to the
                                seller's system. </Description>
							<DataType>Identifier</DataType>
							<Reference type="BUSINESS_TERM">tir76-135</Reference>
							<Value type="EXAMPLE">3249834</Value>
						</Element>
					</Element>
					<Element cardinality="0..1">
						<Term>cac:StandardItemIdentification</Term>
						<Name>Standard item identification</Name>
						<Element>
							<Term>cbc:ID</Term>
							<Name>Item standard identifier</Name>
							<Description>An item identifier based on a registered scheme. Associates
                                the item with its identification according to a standard system.</Description>
							<DataType>Identifier</DataType>
							<Reference type="BUSINESS_TERM">tir76-136</Reference>
							<Attribute>
								<Term>schemeID</Term>
								<Name>Item standard identifier identification scheme identifier</Name>
								<Description>The identification scheme identifier of the Item standard identifier</Description>
								<Reference type="CODE_LIST">ICD</Reference>
								<Value type="EXAMPLE">0160</Value>
							</Attribute>
							<Value type="EXAMPLE">87463294723134124</Value>
						</Element>
					</Element>
					<Element cardinality="0..n">
						<Term>cac:CommodityClassification</Term>
						<Name>Commodity classification information</Name>
						<Element cardinality="0..1">
							<Term>cbc:ItemClassificationCode</Term>
							<Name>Item classification code</Name>
							<Description>A code for classifying the item by its type or nature. Classification codes are used to
                                allow grouping of similar items for a various purposes e.g. public
                                procurement (CPV), e-Commerce (UNSPSC) etc.</Description>
							<DataType>Code</DataType>
							<Reference type="BUSINESS_TERM">tir76-149</Reference>
							<Attribute>
								<Term>listID</Term>
								<Name>Item classification identifier identification scheme identifier</Name>
								<Description>The identification scheme identifier of the Item classification identifier</Description>
								<Reference type="CODE_LIST">UNCL7143</Reference>
								<Value type="EXAMPLE">MP</Value>
							</Attribute>
							<Attribute usage="Optional">
								<Term>listVersionID</Term>
								<Name>Item classification identifier version identification scheme identifier</Name>
								<Description>The identification scheme version identifier of the Item classification identifier</Description>
							</Attribute>
							<Value type="EXAMPLE">20.0601</Value>
						</Element>
					</Element>
					<Element cardinality="0..1">
						<Term>cac:ClassifiedTaxCategory</Term>
						<Name>Line VAT information</Name>
						<Element>
							<Term>cbc:ID</Term>
							<Name>Item VAT category code</Name>
							<Description>The VAT category code for the item.</Description>
							<DataType>Code</DataType>
							<Reference type="BUSINESS_TERM">tir76-150</Reference>
							
							<Reference type="CODE_LIST">UNCL5305</Reference>
							<Value type="EXAMPLE">S</Value>
						</Element>
						<Element cardinality="0..1">
							<Term>cbc:Percent</Term>
							<Name>Line VAT rate</Name>
							<Description>The VAT percentage rate that applies to the line
                                amount.</Description>
							<DataType>Percentage</DataType>
							<Reference type="BUSINESS_TERM">tir04-170</Reference>
							<Value type="EXAMPLE">25</Value>
						</Element>
						<Element>
							<Term>cac:TaxScheme</Term>
							<Name>Tax scheme information</Name>
							<Element>
								<Term>cbc:ID</Term>
								<Description>Tax scheme. Use “VAT”</Description>
								<DataType>Identifier</DataType>
								<Reference type="BUSINESS_TERM">tir76-p003</Reference>
								<Value type="DEFAULT">VAT</Value>
							</Element>
						</Element>
					</Element>
					<Element cardinality="0..n">
						<Term>cac:AdditionalItemProperty</Term>
						<Name>Additional item property information</Name>
						<Description>A group of business terms providing information about properties of the goods and services invoiced.</Description>
						<Element>
							<Term>cbc:Name</Term>
							<Name>Item property name</Name>
							<Description>The name of the property.The name must be sufficiently
                                descriptive to define the value. The definition may be supplemented
                                with the property unit of measure when relevant.</Description>
							<DataType>Text</DataType>
							<Reference type="BUSINESS_TERM">tir76-138</Reference>
							<Value type="EXAMPLE">Color</Value>
						</Element>
						<Element cardinality="0..1" agid:note="new">
							<Term>cbc:NameCode</Term>
							<Name>Item property code</Name>
							<Description>Code for the item property according to a property code system.</Description>
							<DataType>Code</DataType>
							<Reference type="BUSINESS_TERM">tir76-p004</Reference>
							<Attribute>
								<Term>listID</Term>
								<Name>Name code list id.</Name>
								<Description>An identifier for the code list used for the Name code, this is bilaterally agreed</Description>
							</Attribute>
						</Element>
						<Element>
							<Term>cbc:Value</Term>
							<Name>Item property value</Name>
							<Description>The value of the item property.</Description>
							<DataType>Text</DataType>
							<Reference type="BUSINESS_TERM">tir76-139</Reference>
							<Value type="EXAMPLE">Red</Value>
						</Element>
						<Element cardinality="0..1">
							<Term>cbc:ValueQuantity</Term>
							<Name>Item property unit of measure</Name>
							<Description>The unit of measure in which the property value is stated,
                                if relevant. May not be relevant when properties are
                                descriptive.</Description>
							<DataType>Quantity</DataType>
							<Reference type="BUSINESS_TERM">tir76-p008</Reference>
							
							<Attribute>
								<Term>unitCode</Term>
								<Name>Value quantity unit of measure</Name>
								<Description>The unit of measure that applies to the value quantity.</Description>
								<DataType>Code</DataType>
								<Reference type="CODE_LIST">UNECERec20</Reference>
								<Value type="EXAMPLE">NAR</Value>
							</Attribute>
							<Value type="EXAMPLE">2</Value>
						</Element>
						<Element cardinality="0..1">
							<Term>cbc:ValueQualifier</Term>
							<Name>Property classification</Name>
							<DataType>Text</DataType>
							<Description>Standardized and predefined classification of items properties.</Description>
							<Reference type="BUSINESS_TERM">tir76-p009</Reference>
						</Element>
					</Element>
				</Element>
			</Element>
			<Element>
				<Term>cac:OrderLineReference</Term>
				<Name>Reference to order line</Name>
				<Element>
					<Term>cbc:LineID</Term>
					<Name>Order line reference</Name>
					<Description>Used to reference the initial order line that correspondes to the
						response.All order lines should be stated when an order is changed.</Description>
					<Reference type="BUSINESS_TERM">tir76-201</Reference>
					
					<Value type="EXAMPLE">34</Value>
				</Element>
			</Element>
		</Element>
	</Document>
</Structure>
