<?xml version="1.0" encoding="UTF-8"?>
<?xml-stylesheet href="agid-peppol-document-syntax-v1.0.xsl" type="text/xsl"?>
<Structure xmlns="urn:fdc:difi.no:2017:vefa:structure-1" xmlns:agid="urn:fdc:agid.gov.it:peppol:customization">
	<Term>Order</Term>
	<agid:Extension>
		<agid:ID>urn:www.ubl-italia.org:spec:ordine:ver3.1</agid:ID>
		<agid:Name>AGID PEPPOL Order transaction 3.0 (T01)</agid:Name>
		<agid:Version>3.1</agid:Version>
	</agid:Extension>


	<Property key="sch:prefix">PEPPOL-T01</Property>
	<Property key="sch:identifier">T01-basic</Property>


	<Namespace prefix="ubl">urn:oasis:names:specification:ubl:schema:xsd:Order-2</Namespace>
	<Namespace prefix="cac"
		>urn:oasis:names:specification:ubl:schema:xsd:CommonAggregateComponents-2"</Namespace>
	<Namespace prefix="cbc"
		>urn:oasis:names:specification:ubl:schema:xsd:CommonBasicComponents-2</Namespace>


	<Document>
		<Term>ubl:Order</Term>
		<Element agid:custom="fixed-value">
			<Term>cbc:CustomizationID</Term>
			<Name>Specification identification</Name>
			<Description>Identifies the specification of content and rules that apply to the
				transaction.</Description>
			<DataType>Identifier</DataType>
			<Reference type="BUSINESS_TERM">tir01-001</Reference>
			<Reference type="RULE">PEPPOL-T01-B00201</Reference>
			<Reference type="RULE">INT-T01-R003</Reference>
			<Value type="FIXED">urn:fdc:peppol.eu:poacc:trns:order:3:extended:urn:www.ubl-italia.org:spec:ordine:ver3.1</Value>
		</Element>
		<Element>
			<Term>cbc:ProfileID</Term>
			<Name>Business process type identifier</Name>
			<Description>Identifies the BII profile or business process context in which the
				transaction appears. Values to be used are either urn:fdc:peppol.eu:poacc:bis:order_only:3
				or urn:fdc:peppol.eu:poacc:bis:ordering:3</Description>
			<DataType>Identifier</DataType>
			<Reference type="BUSINESS_TERM">tir01-002</Reference>
			<Value type="EXAMPLE">urn:fdc:peppol.eu:poacc:bis:order_only:3</Value>
		</Element>
		<Element>
			<Term>cbc:ID</Term>
			<Name>Order identifier</Name>
			<Description>A transaction instance must have an identifier. The identifier enables
				referencing the transaction for various purposes such as from other transactions
				that are part of the same process.</Description>
			<DataType>Identifier</DataType>
			<Reference type="BUSINESS_TERM">tir01-003</Reference>
			<Value type="EXAMPLE">0-123</Value>
		</Element>
		<Element cardinality="0..1">
			<Term>cbc:SalesOrderID</Term>
			<Name>Sales order reference</Name>
			<Description>An identifier of a referenced sales order, issued by the
				Seller.</Description>
			<DataType>Document Reference</DataType>
			<Reference type="BUSINESS_TERM">tir01-p001</Reference>
			<Value type="EXAMPLE">112233</Value>
		</Element>
		<Element>
			<Term>cbc:IssueDate</Term>
			<Name>Order issue date</Name>
			<Description>The date on which the transaction instance was issued.</Description>
			<DataType>Date</DataType>
			<Reference type="BUSINESS_TERM">tir01-004</Reference>
			<Value type="EXAMPLE">2018-06-01</Value>
		</Element>
		<Element cardinality="0..1">
			<Term>cbc:IssueTime</Term>
			<Name>Order issue time</Name>
			<Description>The time assigned by the buyer on which the order was issued.</Description>
			<DataType>Time</DataType>
			<Reference type="BUSINESS_TERM">tir01-005</Reference>
			<Value type="EXAMPLE">14:12:32</Value>
		</Element>
		<Element cardinality="0..1">
			<Term>cbc:OrderTypeCode</Term>
			<Name>Consignment order indication</Name>
			<Description>Indicates wether the order is a purchase order or consignement order.
				Default is purchase order.</Description>
			<Reference type="BUSINESS_TERM">tir01-153</Reference>
			<Reference type="CODE_LIST">UNCL1001_T01</Reference>
			<Reference type="RULE">PEPPOL-T01-B00801</Reference>
			<Value type="EXAMPLE">220</Value>
		</Element>
		<Element cardinality="0..1">
			<Term>cbc:Note</Term>
			<Name>Document level textual note</Name>
			<Description>Free form text applying to the Order. This element may contain notes or any
				other similar information that is not contained explicitly in another
				structure.</Description>
			<DataType>Text</DataType>
			<Reference type="BUSINESS_TERM">tir01-006</Reference>
			<Value type="EXAMPLE">Packages of other sizes are OK</Value>
		</Element>
		<Element>
			<Term>cbc:DocumentCurrencyCode</Term>
			<Name>Currency</Name>
			<Description>The default currency for the order.</Description>
			<DataType>Code</DataType>
			<Reference type="BUSINESS_TERM">tir01-007</Reference>
			<Reference type="CODE_LIST">ISO4217</Reference>
			<Reference type="RULE">PEPPOL-T01-B01001</Reference>
			<Value type="EXAMPLE">NOK</Value>
		</Element>

		<Element cardinality="0..1">
			<Term>cbc:CustomerReference</Term>
			<Name>Buyer contact</Name>
			<Description>The element is used for the reference of who ordered the products/services. 
				Example being the name of the person ordering, employee number or a code identifying this person or department/group. Also known as "Your reference", and should also be sent in the corresponding invoice.</Description>
			<DataType>Text</DataType>
			<Reference type="BUSINESS_TERM">tir01-p002</Reference>
			<Value type="EXAMPLE">oik987</Value>
		</Element>
		
		<Element cardinality="0..1">
			<Term>cbc:AccountingCost</Term>
			<Name>Buyers accounting string</Name>
			<Description>Used by the buyer to specify a reference that should be repeated in e.g.
				invoice to enable the buyer to automatically book e.g. to the right project, or
				account.</Description>
			<DataType>text</DataType>
			<Reference type="BUSINESS_TERM">tir01-008</Reference>
			<Value type="EXAMPLE">1234:45435:243234</Value>
		</Element>
		<Element cardinality="0..1">
			<Term>cac:ValidityPeriod</Term>
			<Name>Validity period</Name>
			<Element>
				<Term>cbc:EndDate</Term>
				<Name>Order validity end date</Name>
				<Description>The end date for when the order is valid. The end date for the time
					period within which the seller must respond. An order should contain the
					validity end date</Description>
				<DataType>Date</DataType>
				<Reference type="BUSINESS_TERM">tir01-009</Reference>
				<Reference type="RULE">PEPPOL-T01-B01301</Reference>
				<Reference type="RULE">PEPPOL-T01-B01302</Reference>
				<Reference type="RULE">PEPPOL-T01-R002</Reference>
				<Value type="EXAMPLE">2018-06-02</Value>
			</Element>
		</Element>
		<Element cardinality="0..1">
			<Term>cac:QuotationDocumentReference</Term>
			<Name>Quotation reference</Name>
			<Description>Reference to quotation which is basis for the order </Description>
			<Element>
				<Term>cbc:ID</Term>
				<Name>Quotation document reference</Name>
				<Description>A requirement to give a unique reference to the quotation that is the
					base for the order.</Description>
				<DataType>Document reference</DataType>
				<Reference type="BUSINESS_TERM">tir01-010</Reference>
				<Value type="EXAMPLE">1232424</Value>
			</Element>
		</Element>
		<Element cardinality="0..n" agid:custom="cardinality">
			<Term>cac:OrderDocumentReference</Term>
			<Name>Order reference</Name>
			<Element>
				<Term>cbc:ID</Term>
				<Name>Riferimento ad un precedente Ordine</Name>
				<Description>Used to reference the initial order that was rejected and a new order
					is issued.</Description>
				<DataType>Document reference</DataType>
				<Reference type="BUSINESS_TERM">tir01-011</Reference>
				<Value type="EXAMPLE">4832423</Value>
			</Element>
			<Element agid:custom="extension">
				<Term>cbc:IssueDate</Term>
				<Name>Data Emissione Ordine</Name>
				<Description>Used to reference the initial order that was rejected and a new order
					is issued.</Description>
				<DataType>Date</DataType>
				<Reference type="BUSINESS_TERM">tir01-011</Reference>
				<Reference type="RULE">INT-T01-R031</Reference>
				<Value type="EXAMPLE">2018-09-03</Value>
			</Element>
			<Element agid:custom="extension">
				<Term>cbc:DocumentTypeCode</Term>
				<Name>Codice Tipo Ordine</Name>
				<Description>Used to reference the initial order that was rejected and a new order
					is issued.</Description>
				<DataType>Document reference</DataType>
				<Reference type="BUSINESS_TERM">tir01-011</Reference>
				<Value type="EXAMPLE">220</Value>
			</Element>
			<Element agid:custom="extension">
				<Term>cbc:DocumentStatusCode</Term>
				<Name>Codice Stato Ordine (es.Cancelled, Revised)</Name>
				<Description>Used to reference the initial order that was rejected and a new order
					is issued.</Description>
				<DataType>Document reference</DataType>
				<Reference type="BUSINESS_TERM">tir01-011</Reference>
				<Value type="EXAMPLE">4832423</Value>
			</Element>
			<Element agid:custom="extension">
				<Term>cac:IssuerParty</Term>
				<Name>Issuer information</Name>
				<Description>Description of issuer</Description>
				<Element>
					<Term>cbc:EndpointID</Term>
					<Name>Issuer party electronic address</Name>
					<Description>Identifies the issuer party's electronic address</Description>
					<DataType>Identifier</DataType>
					<Reference type="BUSINESS_TERM">tir01-021</Reference>
					<Attribute>
						<Term>schemeID</Term>
						<Name>Scheme identifier</Name>
						<Description>Scheme identifier for the electronic address</Description>
						<Reference type="CODE_LIST">eas</Reference>
						<Value type="EXAMPLE">0088</Value>
					</Attribute>
					<Value type="EXAMPLE">7300010000001</Value>
				</Element>
				<Element cardinality="0..1">
					<Term>cac:PartyIdentification</Term>
					<Name>Party identification</Name>
					<Element>
						<Term>cbc:ID</Term>
						<Name>Identificativo della parte emittente</Name>
						<Description>An identification for the issuer party.</Description>
						<Attribute usage="optional">
							<Term>schemeID</Term>
							<Name>Scheme identifier</Name>
							<Description>Scheme identifier for party identification</Description>
							<Reference type="CODE_LIST">ICD</Reference>
							<Value type="EXAMPLE">0088</Value>
						</Attribute>
						<Reference type="RULE">INT-T01-R030</Reference>
						<Value type="EXAMPLE">7300010000001</Value>
					</Element>
				</Element>
			</Element>
		</Element>
		<Element cardinality="0..1">
			<Term>cac:OriginatorDocumentReference</Term>
			<Name>Originator document </Name>
			<Element>
				<Term>cbc:ID</Term>
				<Name>Originator document reference</Name>
				<Description>A reference to Originator Document. To be able to give a reference to
					the internal requisition on the buyer site on which the order is
					based.</Description>
				<DataType>Document identifier</DataType>
				<Reference type="BUSINESS_TERM">tir01-012</Reference>
				<Value type="EXAMPLE">5435235</Value>
			</Element>
			<Element agid:custom="extension">
				<Term>cbc:IssueDate</Term>
				<Name>Data di Emissione Documento</Name>
				<Description>Used to reference the initial order that was rejected and a new order
					is issued.</Description>
				<DataType>Date</DataType>
				<Value type="EXAMPLE">2018-09-03</Value>
			</Element>
			<Element agid:custom="extension">
				<Term>cbc:DocumentType</Term>
				<Name>Originator document description</Name>
				<Description>Used to reference the initial order that was rejected and a new order
					is issued.</Description>
				<DataType>Text</DataType>
				<Value type="EXAMPLE">4832423</Value>
			</Element>
		</Element>
		<Element cardinality="0..n">
			<Term>cac:AdditionalDocumentReference</Term>
			<Name>Additional documents</Name>
			<Element>
				<Term>cbc:ID</Term>
				<Name>Document identifier</Name>
				<Description>An identifier for the referenced document.</Description>
				<Reference type="BUSINESS_TERM">tir01-154</Reference>
				<Reference type="RULE">INT-T01-R029</Reference>
				<Value type="EXAMPLE">doc-34</Value>
			</Element>
			<Element agid:custom="extension">
				<Term>cbc:IssueDate</Term>
				<Name>Data di Emissione Documento</Name>
				<Description>Used to reference the initial order that was rejected and a new order
					is issued.</Description>
				<DataType>Date</DataType>
				<Value type="EXAMPLE">2018-09-03</Value>
			</Element>
			<Element agid:custom="custom-cardinality">
				<Term>cbc:DocumentType</Term>
				<Name>Document description</Name>
				<Description>Textual description of the document.</Description>
				<DataType>Text</DataType>
				<Reference type="BUSINESS_TERM">tir01-016</Reference>
				<Value type="EXAMPLE">Timesheet</Value>
			</Element>
			<Element cardinality="0..1">
				<Term>cac:Attachment</Term>
				<Name>Attachment(s)</Name>
				<Element cardinality="0..1">
					<Term>cbc:EmbeddedDocumentBinaryObject</Term>
					<Name>Attached document</Name>
					<Description>The attached document embeded as binary object, coded as Base64. 
					The binary object has two supplementary components: a Mime Code, which specifies the Mime type of the attachment and a Filename 
					that is provided by (or on behalf of) the sender of the document</Description>
					<DataType>Binary object</DataType>
					<Reference type="BUSINESS_TERM">tir01-017</Reference>
					<Attribute>
						<Term>mimeCode</Term>
						<Name>Attached document Mime code</Name>
						<Description>The mime code of the attached document.</Description>
						<Reference type="CODE_LIST">MimeCode</Reference>
						<Value type="EXAMPLE">application/vnd.openxmlformats-officedocument.spreadsheetml.sheet</Value>
					</Attribute>
					<Attribute>
						<Term>filename</Term>
						<Name>Attached document filename</Name>
						<Description>The file name of the attached document</Description>
						<Value type="EXAMPLE">Hours-spent.xsl</Value>
					</Attribute>
					<Value type="EXAMPLE">QklTIE9yZGVyIEFncmVlbWVudCAtIDQyQQ==</Value>
				</Element>
				<Element cardinality="0..1">
					<Term>cac:ExternalReference</Term>
					<Name>External reference</Name>
					<Description>Reference to external document </Description>
					<Element>
						<Term>cbc:URI</Term>
						<Name>External document URI</Name>
						<Description>The Uniform Resource Identifier (URI) that identifies where the
							external document is located.</Description>
						<DataType>Text</DataType>
						<Reference type="BUSINESS_TERM">tir01-018</Reference>
						<Value type="EXAMPLE">http://www.test.eu/image.jpg</Value>
					</Element>
				</Element>
			</Element>
		</Element>
		<Element cardinality="0..1">
			<Term>cac:Contract</Term>
			<Name>Contract information</Name>
			<Description>Reference to contract </Description>
			<Element>
				<Term>cbc:ID</Term>
				<Name>Reference identifier</Name>
				<Description>Positive identification of the reference such as a unique
					identifier.</Description>
				<DataType>Document reference</DataType>
				<Reference type="BUSINESS_TERM">tir01-019</Reference>
			</Element>
			<Element cardinality="0..1" agid:custom="extension">
				<Term>cbc:ContractType</Term>
				<Name>Contract type</Name>
				<Description>The type of this contract, expressed as text, such as "Cost plus award fee" and "Cost plus fixed fee" from UNCEFACT Contract Type code list.</Description>
				<DataType>Text</DataType>
				<Value type="EXAMPLE">Contratto base</Value>
			</Element>
		</Element>
		<Element>
			<Term>cac:BuyerCustomerParty</Term>
			<Name>Buyer information</Name>
			<Description>Description of buyer </Description>
			<Element>
				<Term>cac:Party</Term>
				<Name>Party information</Name>
				<Element>
					<Term>cbc:EndpointID</Term>
					<Name>Buyer party electronic address</Name>
					<Description>Identifies the buyer party's electronic address</Description>
					<DataType>Identifier</DataType>
					<Reference type="BUSINESS_TERM">tir01-021</Reference>
					<Attribute>
						<Term>schemeID</Term>
						<Name>Scheme identifier</Name>
						<Description>Scheme identifier for the electronic address</Description>
						<Reference type="CODE_LIST">eas</Reference>
						<Value type="EXAMPLE">0088</Value>
					</Attribute>
					<Reference type="RULE">INT-T01-R026</Reference>
					<Reference type="RULE">INT-T01-R027</Reference>
					<Reference type="RULE">INT-T01-R028</Reference>
					<Value type="EXAMPLE">7300010000001</Value>
				</Element>
				<Element agid:custom="cardinality">
					<Term>cac:PartyIdentification</Term>
					<Name>Party identification </Name>
					<Element>
						<Term>cbc:ID</Term>
						<Name>Buyer party identification</Name>
						<Description>An identification for the buyer party.</Description>
						<Reference type="BUSINESS_TERM">tir01-022</Reference>
						<Attribute usage="optional">
							<Term>schemeID</Term>
							<Name>Scheme identifier</Name>
							<Description>Scheme identifier for party identification</Description>
							<Reference type="CODE_LIST">ICD</Reference>
							<Value type="EXAMPLE">0088</Value>
						</Attribute>
						<Reference type="RULE">INT-T01-R032</Reference>
						<Reference type="RULE">INT-T01-R033</Reference>
						<Value type="EXAMPLE">7300010000001</Value>
					</Element>
				</Element>
				<Element agid:custom="cardinality">
					<Term>cac:PartyName</Term>
					<Name>Party name</Name>
					<Element>
						<Term>cbc:Name</Term>
						<Name>Buyer name</Name>
						<Description>Name of buyer The name of the party who orders the listed
							items.</Description>
						<DataType>Text</DataType>
						<Reference type="BUSINESS_TERM">tir01-023</Reference>
						<Reference type="RULE">INT-T01-R002</Reference>
						<Value type="EXAMPLE">Buyer name</Value>
					</Element>
				</Element>
				<Element cardinality="0..1">
					<Term>cac:PostalAddress</Term>
					<Name>Postal address </Name>
					<Description>Postal address of the buyer</Description>
					<Element cardinality="0..1">
						<Term>cbc:StreetName</Term>
						<Name>Address line 1</Name>
						<Description>The main address line in a postal address usually the street
							name and number.</Description>
						<DataType>Text</DataType>
						<Reference type="BUSINESS_TERM">tir01-032</Reference>
					</Element>
					<Element cardinality="0..1">
						<Term>cbc:AdditionalStreetName</Term>
						<Name>Address line 2</Name>
						<Description>An additional address line in a postal address that can be used
							to give further details supplementing the main line. Common use are
							secondary house number in a complex or in a building.</Description>
						<DataType>Text</DataType>
						<Reference type="BUSINESS_TERM">tir01-027</Reference>
					</Element>
					<Element cardinality="0..1">
						<Term>cbc:CityName</Term>
						<Name>City</Name>
						<Description>The common name of the city where the postal address is. The
							name is written in full rather than as a code.</Description>
						<DataType>Text</DataType>
						<Reference type="BUSINESS_TERM">tir01-031</Reference>
					</Element>
					<Element cardinality="0..1">
						<Term>cbc:PostalZone</Term>
						<Name>Post code</Name>
						<Description>The identifier for an addressable group of properties according
							to the relevant national postal service, such as a ZIP code or Post
							Code.</Description>
						<DataType>Text</DataType>
						<Reference type="BUSINESS_TERM">tir01-024</Reference>
					</Element>
					<Element cardinality="0..1">
						<Term>cbc:CountrySubentity</Term>
						<Name>Country subdivision</Name>
						<Description>For specifying a region, county, state, province etc. within a
							country by using text.</Description>
						<DataType>Text</DataType>
						<Reference type="BUSINESS_TERM">tir01-141</Reference>
					</Element>
					<Element cardinality="0..1">
						<Term>cac:AddressLine</Term>
						<Name>Address line</Name>
						<Element cardinality="0..1">
							<Term>cbc:Line</Term>
							<Name>Address line 3</Name>
							<Description>An additional address line in an address that can be used
								to give further details supplementing the main line.</Description>
							<DataType>Text</DataType>
							<Reference type="BUSINESS_TERM">tir01-p003</Reference>
							<Value type="EXAMPLE">Gate 34</Value>
						</Element>
					</Element>
					<Element>
						<Term>cac:Country</Term>
						<Name>Country</Name>
						<Element>
							<Term>cbc:IdentificationCode</Term>
							<Name>Country code</Name>
							<Description>A code that identifies the country.The lists of valid
								countries are registered with the ISO 3166-1 Maintenance agency,
								"Codes for the representation of names of countries and their
								subdivisions". Codes must be according to the alpha-2
								representation.</Description>
							<DataType>Code</DataType>
							<Reference type="BUSINESS_TERM">tir01-033</Reference>

							<Reference type="CODE_LIST">ISO3166</Reference>
							<Value type="EXAMPLE">NL</Value>
						</Element>
					</Element>
				</Element>
				<Element agid:custom="cardinality">
					<Term>cac:PartyTaxScheme</Term>
					<Description>Buyer tax information </Description>
					<Element>
						<Term>cbc:CompanyID</Term>
						<Name>Buyer VAT identifier</Name>
						<Description>The buyers registered Value Added Tax identifier. To be stated
							in case reverse charge is to apply to the purchase.</Description>
						<DataType>Identifier</DataType>
						<Reference type="BUSINESS_TERM">tir01-034</Reference>
						<Reference type="RULE">PEPPOL-T01-R026</Reference>
						<Reference type="RULE">INT-T01-R002</Reference>
					</Element>
					<Element>
						<Term>cac:TaxScheme</Term>
						<Name>Tax scheme</Name>
						<Element>
							<Term>cbc:ID</Term>
							<Description>Mandatory element. Use = "VAT"</Description>
							<DataType>Identifier</DataType>
							<Reference type="BUSINESS_TERM">tir01-p004</Reference>
							<Value type="FIXED">VAT</Value>
						</Element>
					</Element>
				</Element>
				<Element>
					<Term>cac:PartyLegalEntity</Term>
					<Name>Buyer legal information</Name>
					<Description>Iscrizione REA.</Description>
					<Element>
						<Term>cbc:RegistrationName</Term>
						<Name>Buyers legal registration name</Name>
						<Description>The official name of the party as registered with the relevant
							fiscal authority.</Description>
						<DataType>Text</DataType>
						<Reference type="BUSINESS_TERM">tir01-044</Reference>
					</Element>
					<Element cardinality="0..1">
						<Term>cbc:CompanyID</Term>
						<Name>Buyers legal registration identifier</Name>
						<Description>Identifies a company as registered with the company
							registration scheme.</Description>
						<DataType>Identifier</DataType>
						<Reference type="BUSINESS_TERM">tir01-043</Reference>
						<Attribute usage="Optional">
							<Term>schemeID</Term>
							<Name>Scheme identifier</Name>
							<Description>The identification scheme identifier of the buyer legal
								registration identifier.</Description>
							<Reference type="CODE_LIST">ICD</Reference>
							<Value type="EXAMPLE">0002</Value>
						</Attribute>
						<Value type="EXAMPLE">987654321</Value>
					</Element>
					<Element cardinality="0..1">
						<Term>cac:RegistrationAddress</Term>
						<Name>Legal address </Name>
						<Element cardinality="0..1">
							<Term>cbc:CityName</Term>
							<Name>Buyers legal registration address city name</Name>
							<Description>Associates with the registered address of the party within
								a Corporate Registration Scheme. The name of a city, town, or
								village.</Description>
							<DataType>Text</DataType>
							<Reference type="BUSINESS_TERM">tir01-045</Reference>
						</Element>
						<Element>
							<Term>cac:Country</Term>
							<Name>Country</Name>
							<Element>
								<Term>cbc:IdentificationCode</Term>
								<Name>Country code</Name>
								<Description>A code that identifies the country.The lists of valid
									countries are registered with the ISO 3166-1 Maintenance agency,
									"Codes for the representation of names of countries and their
									subdivisions". Codes must be according to the alpha-2
									representation.</Description>
								<DataType>Code</DataType>
								<Reference type="BUSINESS_TERM">tir01-046</Reference>

								<Reference type="CODE_LIST">ISO3166</Reference>
								<Value type="EXAMPLE">NL</Value>
							</Element>
						</Element>
					</Element>
				</Element>
				<Element cardinality="0..1">
					<Term>cac:Contact</Term>
					<Name>Contact information</Name>
					<Description>Buyer contact information </Description>
					<Element cardinality="0..1">
						<Term>cbc:Name</Term>
						<Name>Contact person name</Name>
						<Description>The name of the contact person.</Description>
						<DataType>Text</DataType>
						<Reference type="BUSINESS_TERM">tir01-050</Reference>
					</Element>
					<Element cardinality="0..1">
						<Term>cbc:Telephone</Term>
						<Name>Contact telephone number</Name>
						<Description>A phone number for the contact person. If the person has a
							direct number, this is that number.</Description>
						<DataType>Text</DataType>
						<Reference type="BUSINESS_TERM">tir01-047</Reference>
					</Element>
					<Element cardinality="0..1">
						<Term>cbc:ElectronicMail</Term>
						<Name>Contact email address</Name>
						<Description>The e-mail address for the contact person. If the person has a
							direct e-mail this is that email.</Description>
						<DataType>Text</DataType>
						<Reference type="BUSINESS_TERM">tir01-049</Reference>
					</Element>
				</Element>
			</Element>
		</Element>
		<Element>
			<Term>cac:SellerSupplierParty</Term>
			<Name>Seller information</Name>
			<Description>Description of seller</Description>
			<Element>
				<Term>cac:Party</Term>
				<Name>Party information</Name>
				<Element>
					<Term>cbc:EndpointID</Term>
					<Name>Seller party electronic address</Name>
					<Description>Identifies the seller party's electronic address</Description>
					<DataType>Identifier</DataType>
					<Reference type="BUSINESS_TERM">tir01-058</Reference>
					<Attribute>
						<Term>schemeID</Term>
						<Name>Scheme identifier</Name>
						<Description>Scheme identifier for the electronic address</Description>
						<Reference type="CODE_LIST">eas</Reference>
						<Value type="EXAMPLE">0088</Value>
					</Attribute>
					<Reference type="RULE">INT-T01-R026</Reference>
					<Reference type="RULE">INT-T01-R027</Reference>
					<Reference type="RULE">INT-T01-R028</Reference>
					<Value type="EXAMPLE">7300010000001</Value>
				</Element>
				<Element cardinality="0..n" agid:custom="custom-cardinality">
					<Term>cac:PartyIdentification</Term>
					<Name>Party identification</Name>

					<Element>
						<Term>cbc:ID</Term>
						<Name>Seller party identification</Name>
						<Description>Identifies a party.</Description>
						<DataType>Identifier</DataType>
						<Reference type="BUSINESS_TERM">tir01-059</Reference>

						<Attribute usage="optional">
							<Term>schemeID</Term>
							<Name>Scheme identifier</Name>
							<Description>Scheme identifier for party identification</Description>
							<Reference type="CODE_LIST">ICD</Reference>
							<Value type="EXAMPLE">0088</Value>
						</Attribute>
						<Value type="EXAMPLE">7300010000001</Value>
					</Element>
				</Element>
				<Element cardinality="0..1">
					<Term>cac:PartyName</Term>
					<Name>Party name</Name>
					<Description>Name of seller</Description>
					<Reference type="BUSINESS_TERM">tir01-060</Reference>

					<Element>
						<Term>cbc:Name</Term>
						<Name>Seller party trading name</Name>
						<Description>The trading name of the party.</Description>
						<DataType>Text</DataType>
						<Reference type="BUSINESS_TERM">tir01-060</Reference>
						<Value type="EXAMPLE">Seller name</Value>
					</Element>
				</Element>
				<Element>
					<Term>cac:PostalAddress</Term>
					<Name>Postal address </Name>
					<Description>Postal address of the Seller</Description>
					<Element cardinality="0..1">
						<Term>cbc:StreetName</Term>
						<Name>Address line 1</Name>
						<Description>The main address line in a postal address usually the street
							name and number.</Description>
						<DataType>Text</DataType>
						<Reference type="BUSINESS_TERM">tir01-063</Reference>
					</Element>
					<Element cardinality="0..1">
						<Term>cbc:AdditionalStreetName</Term>
						<Name>Address line 2</Name>
						<Description>An additional address line in a postal address that can be used
							to give further details supplementing the main line. Common use are
							secondary house number in a complex or in a building.</Description>
						<DataType>Text</DataType>
						<Reference type="BUSINESS_TERM">tir01-064</Reference>
					</Element>
					<Element cardinality="0..1">
						<Term>cbc:CityName</Term>
						<Name>City</Name>
						<Description>The common name of the city where the postal address is. The
							name is written in full rather than as a code.</Description>
						<DataType>Text</DataType>
						<Reference type="BUSINESS_TERM">tir01-065</Reference>
					</Element>
					<Element cardinality="0..1">
						<Term>cbc:PostalZone</Term>
						<Name>Post code</Name>
						<Description>The identifier for an addressable group of properties according
							to the relevant national postal service, such as a ZIP code or Post
							Code.</Description>
						<DataType>Text</DataType>
						<Reference type="BUSINESS_TERM">tir01-068</Reference>
					</Element>
					<Element cardinality="0..1">
						<Term>cbc:CountrySubentity</Term>
						<Name>Country subdivision</Name>
						<Description>For specifying a region, county, state, province etc. within a
							country by using text.</Description>
						<DataType>Text</DataType>
						<Reference type="BUSINESS_TERM">tir01-142</Reference>
					</Element>
					<Element cardinality="0..1">
						<Term>cac:AddressLine</Term>
						<Name>Address line</Name>
						<Element cardinality="0..1">
							<Term>cbc:Line</Term>
							<Name>Address line 3</Name>
							<Description>An additional address line in an address that can be used
								to give further details supplementing the main line.</Description>
							<DataType>Text</DataType>
							<Reference type="BUSINESS_TERM">tir01-p005</Reference>
							<Value type="EXAMPLE">Gate 34</Value>
						</Element>
					</Element>

					<Element>
						<Term>cac:Country</Term>
						<Name>Country</Name>
						<Element>
							<Term>cbc:IdentificationCode</Term>
							<Name>Country code</Name>
							<Description>A code that identifies the country.The lists of valid
								countries are registered with the ISO 3166-1 Maintenance agency,
								"Codes for the representation of names of countries and their
								subdivisions". Codes must be according to the alpha-2
								representation.</Description>
							<DataType>Code</DataType>
							<Reference type="BUSINESS_TERM">tir01-069</Reference>
							<Reference type="CODE_LIST">ISO3166</Reference>
							<Value type="EXAMPLE">NL</Value>
						</Element>
					</Element>
				</Element>

				<Element agid:note="new">
					<Term>cac:PartyLegalEntity</Term>
					<Name>Seller legal information</Name>

					<Element>
						<Term>cbc:RegistrationName</Term>
						<Name>Seller legal registration name</Name>
						<Description>The official name of the party as registered with the relevant
							fiscal authority.</Description>
						<DataType>Text</DataType>
						<Reference type="BUSINESS_TERM">tir01-044</Reference>
					</Element>
					<Element cardinality="0..1">
						<Term>cbc:CompanyID</Term>
						<Name>Seller legal registration identifier</Name>
						<Description>Identifies a company as registered with the company
							registration scheme.</Description>
						<DataType>Identifier</DataType>
						<Reference type="BUSINESS_TERM">tir01-043</Reference>
						<Attribute usage="Optional">
							<Term>schemeID</Term>
							<Name>Scheme identifier</Name>
							<Description>The identification scheme identifier of the buyer legal
								registration identifier.</Description>
							<Reference type="CODE_LIST">ICD</Reference>
							<Value type="EXAMPLE">0002</Value>
						</Attribute>
						<Value type="EXAMPLE">987654321</Value>
					</Element>
					<Element cardinality="0..1">
						<Term>cac:RegistrationAddress</Term>
						<Name>Legal address </Name>
						<Element cardinality="0..1">
							<Term>cbc:CityName</Term>
							<Name>Sellers legal registration address city name</Name>
							<Description>Associates with the registered address of the party within
								a Corporate Registration Scheme. The name of a city, town, or
								village.</Description>
							<DataType>Text</DataType>
							<Reference type="BUSINESS_TERM">tir01-045</Reference>
						</Element>
						<Element>
							<Term>cac:Country</Term>
							<Name>Country</Name>
							<Element>
								<Term>cbc:IdentificationCode</Term>
								<Name>Country code</Name>
								<Description>A code that identifies the country.The lists of valid
									countries are registered with the ISO 3166-1 Maintenance agency,
									"Codes for the representation of names of countries and their
									subdivisions". Codes must be according to the alpha-2
									representation.</Description>
								<DataType>Code</DataType>
								<Reference type="BUSINESS_TERM">tir01-046</Reference>
								<Reference type="CODE_LIST">ISO3166</Reference>
								<Value type="EXAMPLE">NL</Value>
							</Element>
						</Element>
					</Element>
				</Element>
				<Element cardinality="0..1">
					<Term>cac:Contact</Term>
					<Name>Contact</Name>
					<Description>Seller contact information </Description>
					<Element cardinality="0..1">
						<Term>cbc:Name</Term>
						<Name>Contact person name</Name>
						<Description>The name of the contact person.</Description>
						<DataType>Text</DataType>
						<Reference type="BUSINESS_TERM">tir01-074</Reference>
					</Element>
					<Element cardinality="0..1">
						<Term>cbc:Telephone</Term>
						<Name>Contact telephone number</Name>
						<Description>A phone number for the contact person. If the person has a
							direct number, this is that number.</Description>
						<DataType>Text</DataType>
						<Reference type="BUSINESS_TERM">tir01-077</Reference>
					</Element>
					<Element cardinality="0..1">
						<Term>cbc:ElectronicMail</Term>
						<Name>Contact email address</Name>
						<Description>The e-mail address for the contact person. If the person has a
							direct e-mail this is that email.</Description>
						<DataType>Text</DataType>
						<Reference type="BUSINESS_TERM">tir01-076</Reference>
					</Element>
				</Element>
			</Element>
		</Element>
		<Element cardinality="0..1">
			<Term>cac:OriginatorCustomerParty</Term>
			<Name>Originator party</Name>
			<Description>Information regarding the originator of the order </Description>
			<Element>
				<Term>cac:Party</Term>
				<Name>Party information</Name>
				<Description>Description of the originator party </Description>

				<Element cardinality="0..1">
					<Term>cac:PartyIdentification</Term>
					<Name>Party identification</Name>
					<Description>Identification of the originator </Description>
					<Reference type="RULE">PEPPOL-T01-R014</Reference>
					<Element>
						<Term>cbc:ID</Term>
						<Name>Originator identifier</Name>
						<Description>Identifies a party.</Description>
						<DataType>Identifier</DataType>
						<Reference type="BUSINESS_TERM">tir01-081</Reference>

						<Attribute usage="optional">
							<Term>schemeID</Term>
							<Name>Scheme identifier</Name>
							<Description>Scheme identifier for party identification</Description>
							<Reference type="CODE_LIST">ICD</Reference>
							<Value type="EXAMPLE">0088</Value>
						</Attribute>
						<Value type="EXAMPLE">7300010000001</Value>
					</Element>
				</Element>
				<Element cardinality="0..1">
					<Term>cac:PartyName</Term>
					<Name>Party name</Name>
					<Description>Name of the originator </Description>
					<Reference type="RULE">PEPPOL-T01-R014</Reference>
					<Element>
						<Term>cbc:Name</Term>
						<Name>Originator name</Name>
						<Description>The name of the party.</Description>
						<DataType>Text</DataType>
						<Reference type="BUSINESS_TERM">tir01-082</Reference>
						<Value type="EXAMPLE">Originator name</Value>
					</Element>
				</Element>
				<Element cardinality="0..1">
					<Term>cac:Contact</Term>
					<Name>Contact</Name>
					<Description>The originators contact information </Description>
					<Element cardinality="0..1">
						<Term>cbc:Name</Term>
						<Name>Contact person name</Name>
						<Description>The name of the contact person.</Description>
						<DataType>Text</DataType>
						<Reference type="BUSINESS_TERM">tir01-086</Reference>
					</Element>
					<Element cardinality="0..1">
						<Term>cbc:Telephone</Term>
						<Name>Contact telephone number</Name>
						<Description>A phone number for the contact person. If the person has a
							direct number, this is that number.</Description>
						<DataType>Text</DataType>
						<Reference type="BUSINESS_TERM">tir01-083</Reference>
					</Element>
					<Element cardinality="0..1">
						<Term>cbc:ElectronicMail</Term>
						<Name>Contact email address</Name>
						<Description>The e-mail address for the contact person. If the person has a
							direct e-mail this is that email.</Description>
						<DataType>Text</DataType>
						<Reference type="BUSINESS_TERM">tir01-085</Reference>
					</Element>
				</Element>
			</Element>
		</Element>
		<Element cardinality="0..1">
			<Term>cac:AccountingCustomerParty</Term>
			<Name>Invoicee party</Name>
			<Description>Information regarding the receiver of the invoice based on the order
				(Invoicee)</Description>
			<Element>
				<Term>cac:Party</Term>
				<Name>Party information</Name>
				<Description>Description of the invoicee party</Description>
				<Element cardinality="0..1">
					<Term>cbc:EndpointID</Term>
					<Name>Invoicee party electronic address</Name>
					<Description>Identifies the invoicee party's electronic address</Description>
					<DataType>Identifier</DataType>
					<Reference type="BUSINESS_TERM">tir01-157</Reference>
					<Attribute>
						<Term>schemeID</Term>
						<Name>Scheme identifier</Name>
						<Description>Scheme identifier for the electronic address</Description>
						<Reference type="CODE_LIST">eas</Reference>
						<Value type="EXAMPLE">0088</Value>
					</Attribute>
					<Value type="EXAMPLE">7300010000001</Value>
				</Element>
				<Element cardinality="0..1">
					<Term>cac:PartyIdentification</Term>
					<Name>Party identification</Name>
					<Description>Identification of the invoicee party</Description>
					<Element>
						<Term>cbc:ID</Term>
						<Name>Invoicee identifier</Name>
						<Description>An identifer for the invoicee party.</Description>
						<DataType>Identifier</DataType>
						<Reference type="BUSINESS_TERM">tir01-156</Reference>

						<Attribute usage="optional">
							<Term>schemeID</Term>
							<Name>Scheme identifier</Name>
							<Description>Scheme identifier for party identification</Description>
							<Reference type="CODE_LIST">ICD</Reference>
							<Value type="EXAMPLE">0088</Value>
						</Attribute>
						<Value type="EXAMPLE">7300010000001</Value>
					</Element>
				</Element>
				<Element cardinality="0..1">
					<Term>cac:PartyName</Term>
					<Name>Party name</Name>

					<Element>
						<Term>cbc:Name</Term>
						<Name>Invoicee name</Name>
						<Description>The name of the party who should be invoiced for the ordered
							items (invoicee).</Description>
						<DataType>Text</DataType>
						<Reference type="BUSINESS_TERM">tir01-155</Reference>
						<Value type="EXAMPLE">Invoicee name</Value>
					</Element>
				</Element>

				<Element>
					<Term>cac:PostalAddress</Term>
					<Name>Postal address</Name>
					<Description>Postal address of the invoicee</Description>

					<Element cardinality="0..1">
						<Term>cbc:StreetName</Term>
						<Name>Address line 1</Name>
						<Description>The main address line in a postal address usually the street
							name and number.</Description>
						<DataType>Text</DataType>
						<Reference type="BUSINESS_TERM">tir01-p013</Reference>
						<Value type="EXAMPLE">The main address line in the postal address, usually
							the street name and number</Value>
					</Element>
					<Element cardinality="0..1">
						<Term>cbc:AdditionalStreetName</Term>
						<Name>Address line 2</Name>
						<Description>An additional address line in a postal address that can be used
							to give further details supplementing the main line. Common use are
							secondary house number in a complex or in a building.</Description>
						<DataType>Text</DataType>
						<Reference type="BUSINESS_TERM">tir01-p014</Reference>
					</Element>
					<Element cardinality="0..1">
						<Term>cbc:CityName</Term>
						<Name>City</Name>
						<Description>The common name of the city where the postal address is. The
							name is written in full rather than as a code.</Description>
						<DataType>Text</DataType>
						<Reference type="BUSINESS_TERM">tir01-p009</Reference>
					</Element>
					<Element cardinality="0..1">
						<Term>cbc:PostalZone</Term>
						<Name>Post code</Name>
						<Description>The identifier for an addressable group of properties according
							to the relevant national postal service, such as a ZIP code or Post
							Code.</Description>
						<DataType>Text</DataType>
						<Reference type="BUSINESS_TERM">tir01-p015</Reference>
					</Element>
					<Element cardinality="0..1">
						<Term>cbc:CountrySubentity</Term>
						<Name>Country subdivision</Name>
						<Description>For specifying a region, county, state, province etc. within a
							country by using text.</Description>
						<DataType>Text</DataType>
						<Reference type="BUSINESS_TERM">tir01-p016</Reference>
					</Element>
					<Element cardinality="0..1">
						<Term>cac:AddressLine</Term>
						<Name>Address line</Name>
						<Element cardinality="0..1">
							<Term>cbc:Line</Term>
							<Name>Address line 3</Name>
							<Description>An additional address line in an address that can be used
								to give further details supplementing the main line.</Description>
							<DataType>Text</DataType>
							<Reference type="BUSINESS_TERM">tir01-p006</Reference>
							<Value type="EXAMPLE">Gate 34</Value>
						</Element>
					</Element>
					<Element>
						<Term>cac:Country</Term>
						<Name>Country</Name>
						<Element>
							<Term>cbc:IdentificationCode</Term>
							<Name>Country code</Name>
							<Description>A code that identifies the country.The lists of valid
								countries are registered with the ISO 3166-1 Maintenance agency,
								"Codes for the representation of names of countries and their
								subdivisions". Codes must be according to the alpha-2
								representation.</Description>
							<DataType>Code</DataType>
							<Reference type="BUSINESS_TERM">tir01-p017</Reference>
							<Reference type="CODE_LIST">ISO3166</Reference>
							<Value type="EXAMPLE">NL</Value>
						</Element>
					</Element>
				</Element>
				<Element cardinality="0..1">
					<Term>cac:PartyTaxScheme</Term>
					<Name>Party tax scheme</Name>
					<Description>Tax information of the invoicee party</Description>
					<Element>
						<Term>cbc:CompanyID</Term>
						<Name>Invoicee VAT identifier</Name>
						<Description>The invoicees registered Value Added Tax
							identifier</Description>
						<DataType>Identifier</DataType>
						<Reference type="BUSINESS_TERM">tir01-p018</Reference>
						<Reference type="RULE">PEPPOL-T01-R026</Reference>
					</Element>
					<Element>
						<Term>cac:TaxScheme</Term>
						<Name>Tax scheme</Name>
						<Element>
							<Term>cbc:ID</Term>
							<Description>Tax scheme identifier. Use = "VAT"</Description>
							<DataType>Identifier</DataType>
							<Reference type="BUSINESS_TERM">tir01-p003</Reference>
							<Value type="FIXED">VAT</Value>
						</Element>
					</Element>
				</Element>
				<Element>
					<Term>cac:PartyLegalEntity</Term>
					<Name>Party legal entity</Name>
					<Description>Legal information of the invoicee party</Description>

					<Element>
						<Term>cbc:RegistrationName</Term>
						<Name>Invoicee's Legal registration name</Name>
						<Description>The official name of the invoicee party as registered with the
							relevant fiscal authority.</Description>
						<DataType>Text</DataType>
						<Reference type="BUSINESS_TERM">tir01-159</Reference>
					</Element>
					<Element cardinality="0..1">
						<Term>cbc:CompanyID</Term>
						<Name>Company identifier</Name>
						<Description>Identifies a company as registered with the company
							registration scheme.</Description>
						<DataType>Identifier</DataType>
						<Reference type="BUSINESS_TERM">tir01-158</Reference>
						<Attribute usage="Optional">
							<Term>schemeID</Term>
							<Name>Buyer legal registration identifier identification scheme
								identifier</Name>
							<Description>The identification scheme identifier of the buyer legal
								registration identifier.</Description>
							<Reference type="CODE_LIST">ICD</Reference>
							<Value type="EXAMPLE">0002</Value>
						</Attribute>
						<Value type="EXAMPLE">987654321</Value>
					</Element>
					<Element cardinality="0..1">
						<Term>cac:RegistrationAddress</Term>
						<Name>Legal registration address</Name>

						<Element cardinality="0..1">
							<Term>cbc:CityName</Term>
							<Name>City name</Name>
							<Description>Associates with the registered address of the party within
								a Corporate Registration Scheme. The name of a city, town, or
								village.</Description>
							<DataType>Text</DataType>
							<Reference type="BUSINESS_TERM">tir01-160</Reference>
						</Element>
						<Element>
							<Term>cac:Country</Term>
							<Name>Country</Name>
							<Element>
								<Term>cbc:IdentificationCode</Term>
								<Name>Country code</Name>
								<Description>A code that identifies the country.The lists of valid
									countries are registered with the ISO 3166-1 Maintenance agency,
									"Codes for the representation of names of countries and their
									subdivisions". Codes must be according to the alpha-2
									representation.</Description>
								<DataType>Code</DataType>
								<Reference type="BUSINESS_TERM">tir01-161</Reference>
								<Reference type="CODE_LIST">ISO3166</Reference>
								<Value type="EXAMPLE">NL</Value>
							</Element>
						</Element>
					</Element>
				</Element>
				<Element cardinality="0..1">
					<Term>cac:Contact</Term>
					<Name>Contact</Name>
					<Description>Invoicee contact information </Description>
					<Element cardinality="0..1">
						<Term>cbc:Name</Term>
						<Name>Contact person name</Name>
						<Description>The name of the contact person.</Description>
						<DataType>Text</DataType>
						<Reference type="BUSINESS_TERM">tir01-p025</Reference>
					</Element>
					<Element cardinality="0..1">
						<Term>cbc:Telephone</Term>
						<Name>Contact telephone number</Name>
						<Description>A phone number for the contact person. If the person has a
							direct number, this is that number.</Description>
						<DataType>Text</DataType>
						<Reference type="BUSINESS_TERM">tir01-p026</Reference>
					</Element>
					<Element cardinality="0..1">
						<Term>cbc:ElectronicMail</Term>
						<Name>Contact email address</Name>
						<Description>The e-mail address for the contact person. If the person has a
							direct e-mail this is that email.</Description>
						<DataType>Text</DataType>
						<Reference type="BUSINESS_TERM">tir01-p027</Reference>
					</Element>
				</Element>
			</Element>
		</Element>
		<Element cardinality="0..1">
			<Term>cac:Delivery</Term>
			<Name>Delivery information </Name>
			<Description>Consegna.</Description>
			<Element cardinality="0..1">
				<Term>cac:DeliveryLocation</Term>
				<Name>Delivery location </Name>

				<Element cardinality="0..1">
					<Term>cbc:ID</Term>
					<Name>Delivery location ID</Name>
					<Description>An identifer for the location to where the ordered items should be
						delivered.</Description>
					<DataType>Identifier</DataType>
					<Reference type="BUSINESS_TERM">tir01-169</Reference>
					<Attribute usage="Optional">
						<Term>schemeID</Term>
						<Name>Deliver to location identifier identification scheme identifier</Name>
						<Description>The identification scheme identifier of the Deliver to location
							identifier.</Description>
						<Reference type="CODE_LIST">ICD</Reference>
						<Value type="EXAMPLE">0088</Value>
					</Attribute>
					<Value type="EXAMPLE">7300010000001</Value>
				</Element>

				<Element>
					<Term>cac:Address</Term>
					<Name>Delivery address</Name>

					<Element cardinality="0..1">
						<Term>cbc:StreetName</Term>
						<Name>Address line 1</Name>
						<Description>The main address line in a postal address usually the street
							name and number.</Description>
						<DataType>Text</DataType>
						<Reference type="BUSINESS_TERM">tir01-092</Reference>
					</Element>
					<Element cardinality="0..1">
						<Term>cbc:AdditionalStreetName</Term>
						<Name>Address line 2</Name>
						<Description>An additional address line in a postal address that can be used
							to give further details supplementing the main line. Common use are
							secondary house number in a complex or in a building.</Description>
						<DataType>Text</DataType>
						<Reference type="BUSINESS_TERM">tir01-093</Reference>
					</Element>
					<Element cardinality="0..1">
						<Term>cbc:CityName</Term>
						<Name>City</Name>
						<Description>The common name of the city where the postal address is. The
							name is written in full rather than as a code.</Description>
						<DataType>Text</DataType>
						<Reference type="BUSINESS_TERM">tir01-096</Reference>
					</Element>
					<Element cardinality="0..1">
						<Term>cbc:PostalZone</Term>
						<Name>Post code</Name>
						<Description>The identifier for an addressable group of properties according
							to the relevant national postal service, such as a ZIP code or Post
							Code.</Description>
						<DataType>Text</DataType>
						<Reference type="BUSINESS_TERM">tir01-097</Reference>
					</Element>
					<Element cardinality="0..1">
						<Term>cbc:CountrySubentity</Term>
						<Name>Country subdivision</Name>
						<Description>For specifying a region, county, state, province etc. within a
							country by using text.</Description>
						<DataType>Text</DataType>
						<Reference type="BUSINESS_TERM">tir01-144</Reference>
					</Element>
					<Element cardinality="0..1">
						<Term>cac:AddressLine</Term>
						<Name>Address line</Name>
						<Element>
							<Term>cbc:Line</Term>
							<Name>Address line 3</Name>
							<Description>An additional address line in an address that can be used
								to give further details supplementing the main line.</Description>
							<DataType>Text</DataType>
							<Reference type="BUSINESS_TERM">tir01-p007</Reference>
							<Value type="EXAMPLE">Gate 34</Value>
						</Element>
					</Element>
					<Element>
						<Term>cac:Country</Term>
						<Name>Country</Name>

						<Element>
							<Term>cbc:IdentificationCode</Term>
							<Name>Country code</Name>
							<Description>A code that identifies the country.The lists of valid
								countries are registered with the ISO 3166-1 Maintenance agency,
								"Codes for the representation of names of countries and their
								subdivisions". Codes must be according to the alpha-2
								representation.</Description>
							<DataType>Code</DataType>
							<Reference type="BUSINESS_TERM">tir01-098</Reference>
							<Reference type="CODE_LIST">ISO3166</Reference>
							<Value type="EXAMPLE">NL</Value>
						</Element>
					</Element>
				</Element>
			</Element>

			<Element cardinality="0..1">
				<Term>cac:RequestedDeliveryPeriod</Term>
				<Name>Requested delivery period </Name>
				<Element cardinality="0..1">
					<Term>cbc:StartDate</Term>
					<Name>Period start date</Name>
					<Description>The date on which the period starts. The start dates counts as part
						of the period.Format ="YYYY-MM-DD"</Description>
					<DataType>Date</DataType>
					<Reference type="BUSINESS_TERM">tir01-099</Reference>
				</Element>
				<Element cardinality="0..1">
					<Term>cbc:EndDate</Term>
					<Name>Period end date</Name>
					<Description>The date on which the period ends. The end date counts as part of
						the period.Format ="YYYY-MM-DD"</Description>
					<DataType>Date</DataType>
					<Reference type="BUSINESS_TERM">tir01-100</Reference>
				</Element>
			</Element>

			<Element cardinality="0..1">
				<Term>cac:DeliveryParty</Term>
				<Name>Delivery party </Name>

				<Element cardinality="0..1">
					<Term>cac:PartyIdentification</Term>
					<Name>Party identification</Name>
					<Description>Identification of the delivery party</Description>
					<Element>
						<Term>cbc:ID</Term>
						<Name>Delivery party identifier</Name>
						<Description>An identifier for the party that should deliver the ordered
							items.In this BIS: The identifier of the party that should receive the
							ordered items</Description>
						<Reference type="BUSINESS_TERM">tir01-101</Reference>

						<Attribute usage="Optional">
							<Term>schemeID</Term>
							<Name>Deliver party registration identifier identification scheme
								identifier</Name>
							<Description>The identification scheme identifier of the deliverparty
								identifier.</Description>
							<Reference type="CODE_LIST">ICD</Reference>
							<Value type="EXAMPLE">0002</Value>
						</Attribute>
						<Value type="EXAMPLE">987654321</Value>
					</Element>
				</Element>
				<Element>
					<Term>cac:PartyName</Term>
					<Name>Party name</Name>
					<Element>
						<Term>cbc:Name</Term>
						<Name>Delivery party name</Name>
						<Description>The name of the party that should handle the delivery.In this
							BIS: The name of the party that should receive the
							delivery</Description>
						<DataType>Text</DataType>
						<Reference type="BUSINESS_TERM">tir01-102</Reference>
						<Value type="EXAMPLE">Delivery name</Value>
					</Element>
				</Element>
				<Element cardinality="0..1">
					<Term>cac:Contact</Term>
					<Name>Contact information</Name>
					<Description>Contact information for the delivery party </Description>
					<Element cardinality="0..1">
						<Term>cbc:Name</Term>
						<Name>Contact person name</Name>
						<Description>The name of the contact person.</Description>
						<DataType>Text</DataType>
						<Reference type="BUSINESS_TERM">tir01-103</Reference>
					</Element>
					<Element cardinality="0..1">
						<Term>cbc:Telephone</Term>
						<Name>Contact telephone number</Name>
						<Description>A phone number for the contact person. If the person has a
							direct number, this is that number.</Description>
						<DataType>Text</DataType>
						<Reference type="BUSINESS_TERM">tir01-104</Reference>
					</Element>
					<Element cardinality="0..1">
						<Term>cbc:ElectronicMail</Term>
						<Name>Contact email address</Name>
						<Description>The e-mail address for the contact person. If the person has a
							direct e-mail this is that email.</Description>
						<DataType>Text</DataType>
						<Reference type="BUSINESS_TERM">tir01-106</Reference>
					</Element>
				</Element>
			</Element>
		</Element>
		<Element cardinality="0..1">
			<Term>cac:DeliveryTerms</Term>
			<Name>Terms of delivery</Name>

			<Element cardinality="0..1">
				<Term>cbc:ID</Term>
				<Name>Delivery terms identifier</Name>
				<Description>Delivery terms identifier, normally Incoterms</Description>
				<DataType>Text</DataType>
				<Reference type="BUSINESS_TERM">tir01-107</Reference>
				<Value type="EXAMPLE">FOB</Value>
			</Element>
			<Element cardinality="0..1">
				<Term>cbc:SpecialTerms</Term>
				<Name>Delivery special terms</Name>
				<Description>A description of special conditions relating to the Delivery
					Terms.</Description>
				<DataType>Text</DataType>
				<Reference type="BUSINESS_TERM">tir01-108</Reference>
			</Element>
			<Element cardinality="0..1">
				<Term>cac:DeliveryLocation</Term>
				<Name>Delivery location information</Name>
				<Element>
					<Term>cbc:ID</Term>
					<Name>Delivery terms location</Name>
					<Description>The location to which the delivery terms refer. Used to qualify the
						delivery terms e.g. "Terms of delivery are FOB Rotterdam"</Description>
					<DataType>Text</DataType>
					<Reference type="BUSINESS_TERM">tir01-109</Reference>
					<Value type="EXAMPLE">Rotterdam</Value>
				</Element>
			</Element>
		</Element>
		<Element cardinality="0..1">
			<Term>cac:PaymentTerms</Term>
			<Name>Payment terms</Name>

			<Element>
				<Term>cbc:Note</Term>
				<Name>Payment terms</Name>
				<Description>Payment terms for the order described in text</Description>
				<DataType>Text</DataType>
				<Reference type="BUSINESS_TERM">tir01-p010</Reference>
			</Element>
		</Element>

		<Element cardinality="0..n">
			<Term>cac:AllowanceCharge</Term>
			<Name>Allowance and charge information</Name>
			<Description>Allowances and charges for the order</Description>

			<Element>
				<Term>cbc:ChargeIndicator</Term>
				<Name>AllowanceChargeIndicator</Name>
				<Description>Indicator used to state if the following is an allowance or charge.
					true = Charge, false = Allowance</Description>
				<DataType>Boolean</DataType>
				<Reference type="BUSINESS_TERM">tir01-p002</Reference>
				<Reference type="CODE_LIST">TrueFalse</Reference>
				<Value type="EXAMPLE">false</Value>
			</Element>

			<Element cardinality="0..1" agid:note="new">
				<Term>cbc:AllowanceChargeReasonCode</Term>
				<Name>Document level allowance or charge reason code</Name>
				<Description>The reason for the document level allowance or charge, expressed as a
					code. For allowances a subset of codelist UNCL5189 is to be used, and for
					charges codelist UNCL7161 applies. The Document level allowance reason code and
					the Document level allowance reason shall indicate the same allowance
					reason</Description>
				<DataType>Code</DataType>
				<Reference type="CODE_LIST">UNCL5189</Reference>
				<Reference type="CODE_LIST">UNCL7161</Reference>
				<Reference type="RULE">PEPPOL-T01-R023</Reference>
				<Reference type="BUSINESS_TERM">tir01-p008</Reference>
				<Value type="EXAMPLE">95</Value>
			</Element>

			<Element>
				<Term>cbc:AllowanceChargeReason</Term>
				<Name>Allowance and charges reason</Name>
				<Description>A textual reason for the allowance or the charge. Can also be its name.
					The Document level allowance reason code and the Document level allowance reason
					shall indicate the same allowance reason</Description>
				<DataType>Text</DataType>
				<Reference type="RULE">PEPPOL-T01-R023</Reference>
				<Reference type="BUSINESS_TERM">tir01-112</Reference>
			</Element>

			<Element cardinality="0..1" agid:note="new">
				<Term>cbc:MultiplierFactorNumeric</Term>
				<Name>Document level allowance or charge percentage</Name>
				<Description>The percentage that may be used, in conjunction with the document level
					allowance base amount, to calculate the document level allowance or charge
					amount. To state 20%, use value 20. </Description>
				<DataType>Percentage</DataType>
				<Reference type="RULE">PEPPOL-T01-R021</Reference>
				<Reference type="BUSINESS_TERM">tir01-p009</Reference>
				<Value type="EXAMPLE">20</Value>
			</Element>

			<Element>
				<Term>cbc:Amount</Term>
				<Name>Allowance and charge amount</Name>
				<Description>The net amount of the allowance or the charge exluding
					VAT.</Description>
				<DataType>Amount</DataType>
				<Reference type="BUSINESS_TERM">tir01-113</Reference>
				<Reference type="RULE">PEPPOL-T01-R022</Reference>
				<Reference type="RULE">PEPPOL-T01-R028</Reference>
				<Attribute>
					<Term>currencyID</Term>
					<Name>Currency identifier</Name>
					<Description>Currency identifier, value must be the same as what is used in
						tir01-007, DocumentCurrencyCode.</Description>
					<Reference type="CODE_LIST">ISO4217</Reference>
					<Reference type="RULE">PEPPOL-T01-R003</Reference>
					<Value type="EXAMPLE">EUR</Value>
				</Attribute>
				<Value type="EXAMPLE">200</Value>
			</Element>

			<Element cardinality="0..1" agid:note="new">
				<Term>cbc:BaseAmount</Term>
				<Name>Document level allowance or charge base amount</Name>
				<Description>The base amount that may be used, in conjunction with the document
					level allowance or charge percentage, to calculate the document level allowance
					or charge amount. Must be rounded to maximum 2 decimals </Description>
				<DataType>Amount</DataType>
				<Reference type="RULE">PEPPOL-T01-R020</Reference>
				<Reference type="RULE">PEPPOL-T01-R028</Reference>
				<Reference type="BUSINESS_TERM">tir01-p010</Reference>

				<Attribute>
					<Term>currencyID</Term>
					<Description>Currency identifier, value must be the same as what is used in
						tir01-007, DocumentCurrencyCode.</Description>
					<Reference type="CODE_LIST">ISO4217</Reference>
					<Reference type="RULE">PEPPOL-T01-R003</Reference>
					<Value type="EXAMPLE">EUR</Value>
				</Attribute>

				<Value type="EXAMPLE">1000</Value>

			</Element>

			<Element cardinality="0..1" agid:note="new">
				<Term>cac:TaxCategory</Term>
				<Name>Tax category</Name>
				<Element>
					<Term>cbc:ID</Term>
					<Name>VAT category code</Name>
					<Description>The VAT category code that applies to the document level allowance
						or charge.</Description>
					<DataType>Code</DataType>
					<Reference type="CODE_LIST">UNCL5305</Reference>
					<Reference type="BUSINESS_TERM">tir01-p011</Reference>
					<Value type="EXAMPLE">S</Value>
				</Element>
				<Element cardinality="0..1">
					<Term>cbc:Percent</Term>
					<Name>VAT rate</Name>
					<Description>The VAT rate, represented as percentage that applies to the
						document level allowance or charge. As this element is of data type
						percentage, please note that no %-sign should be used. To state 25 %, use
						value 25.00</Description>
					<DataType>Percentage</DataType>
					<Reference type="RULE">PEPPOL-T01-R029</Reference>
					<Reference type="RULE">PEPPOL-T01-R030</Reference>
					<Reference type="BUSINESS_TERM">tir01-p012</Reference>
					<Value type="EXAMPLE">25.00</Value>

				</Element>
				<Element>
					<Term>cac:TaxScheme</Term>
					<Name>Tax scheme information</Name>
					<Element>
						<Term>cbc:ID</Term>
						<Description>Tax scheme identifier. Use “VAT”</Description>
						<DataType>Identifier</DataType>
						<Reference type="BUSINESS_TERM">tir01-p013</Reference>
						<Value type="FIXED">VAT</Value>
					</Element>
				</Element>
			</Element>
		</Element>

		<Element cardinality="0..1">
			<Term>cac:TaxTotal</Term>
			<Name>Tax total</Name>
			<Description>Specification of expected tax amount</Description>
			<Element>
				<Term>cbc:TaxAmount</Term>
				<Name>VAT total amount</Name>
				<Description>The total VAT amount that is "added to the document total w/o VAT".
					This is the sum of all VAT subcategory amounts. The expected Tax Total in the
					corresponding invoice.</Description>
				<DataType>Amount</DataType>
				<Reference type="BUSINESS_TERM">tir01-114</Reference>
				<Reference type="RULE">PEPPOL-T01-R028</Reference>

				<Attribute>
					<Term>currencyID</Term>
					<Description>Currency identifier, value must be the same as what is used in
						tir01-007, DocumentCurrencyCode.</Description>
					<Reference type="CODE_LIST">ISO4217</Reference>
					<Reference type="RULE">PEPPOL-T01-R003</Reference>
					<Value type="EXAMPLE">EUR</Value>
				</Attribute>
				<Value type="EXAMPLE">200</Value>
			</Element>
		</Element>
		<Element cardinality="0..1">
			<Term>cac:AnticipatedMonetaryTotal</Term>
			<Name>Anticipated monetary total</Name>
			<Description>Estimated total amounts for the order</Description>
			<Element>
				<Term>cbc:LineExtensionAmount</Term>
				<Name>Sum of line amounts</Name>
				<Description>Sum of line amounts in the document.The total of Line Extension Amounts
					net of tax and settlement discounts. Must be rounded to maximum 2
					decimals.</Description>
				<DataType>Amount</DataType>
				<Reference type="BUSINESS_TERM">tir01-115</Reference>
				<Reference type="RULE">PEPPOL-T01-R007</Reference>
				<Reference type="RULE">PEPPOL-T01-R008</Reference>
				<Reference type="RULE">PEPPOL-T01-R028</Reference>
				<Attribute>
					<Term>currencyID</Term>
					<Description>Currency identifier, value must be the same as what is used in
						tir01-007, DocumentCurrencyCode.</Description>
					<Reference type="CODE_LIST">ISO4217</Reference>
					<Reference type="RULE">PEPPOL-T01-R003</Reference>
					<Value type="EXAMPLE">EUR</Value>
				</Attribute>
				<Value type="EXAMPLE">200</Value>
			</Element>
			<Element cardinality="0..1">
				<Term>cbc:TaxExclusiveAmount</Term>
				<Name>Document total without VAT</Name>
				<Description>The "Sum of line amounts" plus "sum of allowances on document level"
					plus "sum of charges on document level". Must be rounded to maximum 2
					decimals.</Description>
				<DataType>Amount</DataType>
				<Reference type="BUSINESS_TERM">tir01-145</Reference>
				<Reference type="RULE">PEPPOL-T01-R011</Reference>
				<Reference type="RULE">PEPPOL-T01-R028</Reference>
				<Attribute>
					<Term>currencyID</Term>
					<Description>Currency identifier, value must be the same as what is used in
						tir01-007, DocumentCurrencyCode.</Description>
					<Reference type="CODE_LIST">ISO4217</Reference>
					<Reference type="RULE">PEPPOL-T01-R003</Reference>
					<Value type="EXAMPLE">EUR</Value>
				</Attribute>
				<Value type="EXAMPLE">200</Value>
			</Element>
			<Element cardinality="0..1">
				<Term>cbc:TaxInclusiveAmount</Term>
				<Name>Document total including VAT</Name>
				<Description>The total value including VAT. Must be rounded to maximum 2
					decimals.</Description>
				<DataType>Amount</DataType>
				<Reference type="BUSINESS_TERM">tir01-147</Reference>
				<Reference type="RULE">PEPPOL-T01-R017</Reference>
				<Reference type="RULE">PEPPOL-T01-R028</Reference>
				<Attribute>
					<Term>currencyID</Term>
					<Description>Currency identifier, value must be the same as what is used in
						tir01-007, DocumentCurrencyCode.</Description>
					<Reference type="CODE_LIST">ISO4217</Reference>
					<Reference type="RULE">PEPPOL-T01-R003</Reference>
					<Value type="EXAMPLE">EUR</Value>
				</Attribute>
				<Value type="EXAMPLE">200</Value>
			</Element>
			<Element cardinality="0..1">
				<Term>cbc:AllowanceTotalAmount</Term>
				<Name>Sum of allowances on document level</Name>
				<Description>Sum of all allowances on header level in the document. Allowances on
					line level are included in the line amount and summed up into the "sum of line
					amounts". Must be rounded to maximum 2 decimals.</Description>
				<DataType>Amount</DataType>
				<Reference type="BUSINESS_TERM">tir01-116</Reference>
				<Reference type="RULE">PEPPOL-T01-R009</Reference>
				<Reference type="RULE">PEPPOL-T01-R028</Reference>
				<Attribute>
					<Term>currencyID</Term>
					<Description>Currency identifier, value must be the same as what is used in
						tir01-007, DocumentCurrencyCode.</Description>
					<Reference type="CODE_LIST">ISO4217</Reference>
					<Reference type="RULE">PEPPOL-T01-R003</Reference>
					<Value type="EXAMPLE">EUR</Value>
				</Attribute>
				<Value type="EXAMPLE">200</Value>
			</Element>
			<Element cardinality="0..1">
				<Term>cbc:ChargeTotalAmount</Term>
				<Name>Sum of charges on document level</Name>
				<Description>Sum of all charge on header level in the document. Charges on line
					level are included in the line amount and summed up into the "sum of line
					amounts". Must be rounded to maximum 2 decimals.</Description>
				<DataType>Amount</DataType>
				<Reference type="BUSINESS_TERM">tir01-117</Reference>
				<Reference type="RULE">PEPPOL-T01-R010</Reference>
				<Reference type="RULE">PEPPOL-T01-R028</Reference>
				<Attribute>
					<Term>currencyID</Term>
					<Description>Currency identifier, value must be the same as what is used in
						tir01-007, DocumentCurrencyCode.</Description>
					<Reference type="CODE_LIST">ISO4217</Reference>
					<Reference type="RULE">PEPPOL-T01-R003</Reference>
					<Value type="EXAMPLE">EUR</Value>
				</Attribute>
				<Value type="EXAMPLE">200</Value>
			</Element>
			<Element cardinality="0..1">
				<Term>cbc:PrepaidAmount</Term>
				<Name>Prepaid amounts</Name>
				<Description>Any amounts that have been paid a-priory. Must be rounded to maximum 2
					decimals.</Description>
				<Reference type="BUSINESS_TERM">tir01-148</Reference>
				<Reference type="RULE">PEPPOL-T01-R028</Reference>
				<Attribute>
					<Term>currencyID</Term>
					<Description>Currency identifier, value must be the same as what is used in
						tir01-007, DocumentCurrencyCode.</Description>
					<Reference type="CODE_LIST">ISO4217</Reference>
					<Reference type="RULE">PEPPOL-T01-R003</Reference>
					<Value type="EXAMPLE">EUR</Value>
				</Attribute>
				<Value type="EXAMPLE">200</Value>
			</Element>
			<Element cardinality="0..1">
				<Term>cbc:PayableRoundingAmount</Term>
				<Name>Rounding of document total</Name>
				<Description>The amount to be added to the total to round the amount to be paid.
					Must be rounded to maximum 2 decimals.</Description>
				<DataType>Amount</DataType>
				<Reference type="BUSINESS_TERM">tir01-146</Reference>
				<Reference type="RULE">PEPPOL-T01-R028</Reference>
				<Attribute>
					<Term>currencyID</Term>
					<Description>Currency identifier, value must be the same as what is used in
						tir01-007, DocumentCurrencyCode.</Description>
					<Reference type="CODE_LIST">ISO4217</Reference>
					<Reference type="RULE">PEPPOL-T01-R003</Reference>
					<Value type="EXAMPLE">EUR</Value>
				</Attribute>
				<Value type="EXAMPLE">200</Value>
			</Element>
			<Element>
				<Term>cbc:PayableAmount</Term>
				<Name>Payable amount</Name>
				<Description>The amount that is expected to be paid. Must be rounded to maximum 2
					decimals.</Description>
				<DataType>Amount</DataType>
				<Reference type="BUSINESS_TERM">tir01-118</Reference>
				<Reference type="RULE">PEPPOL-T01-R006</Reference>
				<Reference type="RULE">PEPPOL-T01-R016</Reference>
				<Reference type="RULE">PEPPOL-T01-R028</Reference>
				<Attribute>
					<Term>currencyID</Term>
					<Description>Currency identifier, value must be the same as what is used in
						tir01-007, DocumentCurrencyCode.</Description>
					<Reference type="CODE_LIST">ISO4217</Reference>
					<Reference type="RULE">PEPPOL-T01-R003</Reference>
					<Value type="EXAMPLE">EUR</Value>
				</Attribute>
				<Value type="EXAMPLE">200</Value>
			</Element>
		</Element>
		<Element cardinality="1..n">
			<Term>cac:OrderLine</Term>
			<Name>Order line</Name>
			<Description>Specification of order lines</Description>
			<Element cardinality="0..1">
				<Term>cbc:Note</Term>
				<Name>Order line note</Name>
				<Description>Free-form text applying to the Order Line. This element may contain
					notes or any other similar information that is not contained explicitly in
					another structure. Is to capture any free form description related to the order
					line as a whole.</Description>
				<DataType>Text</DataType>
				<Reference type="BUSINESS_TERM">tir01-123</Reference>
			</Element>
			<Element>
				<Term>cac:LineItem</Term>
				<Name>Line item</Name>
				<Description>Description of line item </Description>
				<Element>
					<Term>cbc:ID</Term>
					<Name>Line item identifier</Name>
					<Description>Identifies the Line Item assigned by the buyer, the identifier must
						be unique within the order.</Description>
					<DataType>Identifier</DataType>
					<Reference type="BUSINESS_TERM">tir01-120</Reference>
					<Reference type="RULE">PEPPOL-T01-R001</Reference>
					<Reference type="RULE">INT-T01-R034</Reference>
					<Reference type="RULE">INT-T01-R035</Reference>
					<Value type="EXAMPLE">1</Value>
				</Element>
				<Element>
					<Term>cbc:Quantity</Term>
					<Name>Ordered quantity</Name>
					<Description>The quantity of Items for the Line Item. The quantity for the order
						line.</Description>
					<DataType>Quantity</DataType>
					<Reference type="BUSINESS_TERM">tir01-132</Reference>
					<Reference type="RULE">PEPPOL-T01-R004</Reference>
					<Reference type="RULE">PEPPOL-T01-R013</Reference>
					<Attribute>
						<Term>unitCode</Term>
						<Name>Ordered quantity unit of measure</Name>
						<Description>The unit of measure that applies to the ordered
							quantity.</Description>
						<DataType>Code</DataType>
						<Reference type="CODE_LIST">UNECERec20</Reference>
						<Value type="EXAMPLE">C62</Value>
					</Attribute>
					<Value type="EXAMPLE">10</Value>
				</Element>
				<Element cardinality="0..1">
					<Term>cbc:LineExtensionAmount</Term>
					<Name>Order line amount</Name>
					<Description>The total amount for the Line Item, including Allowance Charges but
						net of taxes. The expected line amount excluding VAT but inclusive of other
						charges, allowances and taxes.</Description>
					<DataType>Amount</DataType>
					<Reference type="BUSINESS_TERM">tir01-128</Reference>
					<Reference type="RULE">PEPPOL-T01-R024</Reference>
					<Reference type="RULE">PEPPOL-T01-R028</Reference>
					<Reference type="RULE">INT-T01-R004</Reference>
					<Attribute>
						<Term>currencyID</Term>
						<Description>Currency identifier, value must be the same as what is used in
							tir01-007, DocumentCurrencyCode.</Description>
						<Reference type="CODE_LIST">ISO4217</Reference>
						<Reference type="RULE">PEPPOL-T01-R003</Reference>
						<Value type="EXAMPLE">EUR</Value>
					</Attribute>
					<Value type="EXAMPLE">200</Value>
				</Element>
				<Element cardinality="0..1">
					<Term>cbc:TotalTaxAmount</Term>
					<Name>Total tax amount</Name>
					<Description>The total tax amount for this line item.</Description>
					<DataType>Amount</DataType>
					<Attribute>
						<Term>currencyID</Term>
						<Description>Currency identifier, value must be the same as what is used in
							tir01-007, DocumentCurrencyCode.</Description>
						<Reference type="CODE_LIST">ISO4217</Reference>
						<Reference type="RULE">PEPPOL-T01-R003</Reference>
						<Value type="EXAMPLE">EUR</Value>
					</Attribute>
					<Value type="EXAMPLE">200</Value>
				</Element>
				<Element cardinality="0..1">
					<Term>cbc:PartialDeliveryIndicator</Term>
					<Name>Partial delivery indicator</Name>
					<Description>Indicates if the line items must be delivered in a single shipment.
						Default is that partial delivery is allowed (true)</Description>
					<DataType>Boolean</DataType>
					<Reference type="BUSINESS_TERM">tir01-124</Reference>
					<Reference type="CODE_LIST">TrueFalse</Reference>
					<Value type="DEFAULT">true</Value>
				</Element>
				<Element cardinality="0..1">
					<Term>cbc:AccountingCost</Term>
					<Name>Buyers accounting string</Name>
					<Description>The buyer's accounting information applied to the Line Item,
						expressed as text.</Description>
					<DataType>Text</DataType>
					<Reference type="BUSINESS_TERM">tir01-125</Reference>
				</Element>
				<Element cardinality="0..1">
					<Term>cac:Delivery</Term>
					<Name>Line delivery information</Name>
					<Description>Delivery information for the order line </Description>
					<Element>
						<Term>cac:RequestedDeliveryPeriod</Term>
						<Name>Order line requested delivery period </Name>
						<Description>Requested delivery period for the order line</Description>
						<Element cardinality="0..1">
							<Term>cbc:StartDate</Term>
							<Name>Period start date</Name>
							<Description>The date on which the period starts. The start dates counts
								as part of the period. Format ="YYYY-MM-DD"</Description>
							<DataType>Date</DataType>
							<Reference type="BUSINESS_TERM">tir01-126</Reference>
							<Value type="EXAMPLE">2018-09-03</Value>
						</Element>
						<Element cardinality="0..1">
							<Term>cbc:EndDate</Term>
							<Name>Period end date</Name>
							<Description>The date on which the period ends. The end date counts as
								part of the period.Format ="YYYY-MM-DD"</Description>
							<DataType>Date</DataType>
							<Reference type="BUSINESS_TERM">tir01-127</Reference>
							<Value type="EXAMPLE">2018-09-15</Value>
						</Element>
					</Element>
				</Element>
				<Element cardinality="0..1">
					<Term>cac:OriginatorParty</Term>
					<Name>Originator information</Name>
					<Description>Information regarding the originator of the order line </Description>
					<Element cardinality="0..1">
						<Term>cac:PartyIdentification</Term>
						<Name>Party identification</Name>
						<Description>Identification of the originator </Description>
						<Element>
							<Term>cbc:ID</Term>
							<Name>Order line originator party ID</Name>
							<Description>The party who originated Order.</Description>
							<Reference type="BUSINESS_TERM">tir01-121</Reference>
							<Attribute usage="optional">
								<Term>schemeID</Term>
								<Name>Scheme identifier</Name>
								<Description>Scheme identifier for party
									identification</Description>
								<Reference type="CODE_LIST">ICD</Reference>
								<Value type="EXAMPLE">0088</Value>
							</Attribute>
							<Value type="EXAMPLE">7300010000001</Value>
						</Element>
					</Element>
					<Element cardinality="0..1">
						<Term>cac:PartyName</Term>
						<Name>Party name</Name>
						<Description>Name of the originator </Description>
						<Element>
							<Term>cbc:Name</Term>
							<Name>Order line originator party name</Name>
							<Description>The party who originated Order.</Description>
							<DataType>Text</DataType>
							<Reference type="BUSINESS_TERM">tir01-122</Reference>
							<Value type="EXAMPLE">Originator name</Value>
						</Element>
					</Element>
				</Element>

				<Element cardinality="0..n">

					<Term>cac:AllowanceCharge</Term>
					<Name>Order line allowance and charges</Name>
					<Description>A group of business terms providing information about allowances or
						charges applicable to the individual order line. </Description>


					<Element>
						<Term>cbc:ChargeIndicator</Term>
						<Description> Use “true” when informing about Charges and “false” when
							informing about Allowances </Description>
						<Reference type="BUSINESS_TERM">tir01-p014</Reference>
						<Value type="EXAMPLE">false</Value>
					</Element>


					<Element cardinality="0..1" agid:note="new">
						<Term>cbc:AllowanceChargeReasonCode</Term>
						<Name>Line level allowance or charge reason code</Name>
						<Description>The reason for the line level allowance or charge, expressed as
							a code. For allowances a subset of codelist UNCL5189 is to be used, and
							for charges codelist UNCL7161 applies. The Document level allowance
							reason code and the Document level allowance reason shall indicate the
							same allowance reason</Description>
						<DataType>Code</DataType>
						<Reference type="CODE_LIST">UNCL5189</Reference>
						<Reference type="CODE_LIST">UNCL7161</Reference>
						<Reference type="RULE">PEPPOL-T01-R023</Reference>
						<Reference type="BUSINESS_TERM">tir01-p015</Reference>
						<Value type="EXAMPLE">95</Value>
					</Element>

					<Element agid:custom="cardinality">
						<Term>cbc:AllowanceChargeReason</Term>
						<Name>Line level allowance or charge reason</Name>
						<Description>The reason for the line level allowance or charge, expressed as
							text. The Document level allowance reason code and the Document level
							allowance reason shall indicate the same allowance reason </Description>
						<DataType>Text</DataType>
						<Reference type="RULE">PEPPOL-T01-R023</Reference>
						<Reference type="BUSINESS_TERM">tir01-p016</Reference>
						<Value type="EXAMPLE">Discount</Value>

					</Element>

					<Element cardinality="0..1" agid:note="new">
						<Term>cbc:MultiplierFactorNumeric</Term>
						<Name>Line level allowance or charge percentage</Name>
						<Description>The percentage that may be used, in conjunction with the line
							level allowance base amount, to calculate the line level allowance or
							charge amount. </Description>
						<DataType>Percentage</DataType>
						<Reference type="RULE">PEPPOL-T01-R021</Reference>
						<Reference type="BUSINESS_TERM">tir01-p017</Reference>
						<Value type="EXAMPLE">20</Value>
					</Element>

					<Element>
						<Term>cbc:Amount</Term>
						<Name>Line level allowance or charge amount</Name>
						<Description>The amount of an allowance or a charge, without VAT. Must be
							rounded to maximum 2 decimals</Description>
						<DataType>Amount</DataType>
						<Reference type="RULE">PEPPOL-T01-R022</Reference>
						<Reference type="RULE">PEPPOL-T01-R028</Reference>
						<Reference type="BUSINESS_TERM">tir01-p018</Reference>

						<Attribute>
							<Term>currencyID</Term>
							<Description>Currency identifier, value must be the same as what is used
								in tir01-007, DocumentCurrencyCode.</Description>
							<Reference type="CODE_LIST">ISO4217</Reference>
							<Reference type="RULE">PEPPOL-T01-R003</Reference>
							<Value type="EXAMPLE">EUR</Value>
						</Attribute>
						<Value type="EXAMPLE">200</Value>
					</Element>

					<Element cardinality="0..1" agid:note="new">
						<Term>cbc:BaseAmount</Term>
						<Name>Line level allowance or charge base amount</Name>
						<Description>The base amount that may be used, in conjunction with the line
							level allowance or charge percentage, to calculate the line level
							allowance or charge amount. Must be rounded to maximum 2 decimals </Description>
						<DataType>Amount</DataType>
						<Reference type="RULE">PEPPOL-T01-R020</Reference>
						<Reference type="RULE">PEPPOL-T01-R028</Reference>
						<Reference type="BUSINESS_TERM">tir01-p019</Reference>

						<Attribute>
							<Term>currencyID</Term>
							<Description>Currency identifier, value must be the same as what is used
								in tir01-007, DocumentCurrencyCode.</Description>
							<Reference type="CODE_LIST">ISO4217</Reference>
							<Reference type="RULE">PEPPOL-T01-R003</Reference>
							<Value type="EXAMPLE">EUR</Value>

						</Attribute>

						<Value type="EXAMPLE">1000</Value>

					</Element>
				</Element>
				<Element cardinality="0..1">
					<Term>cac:Price</Term>
					<Name>Price information</Name>
					<Element>
						<Term>cbc:PriceAmount</Term>
						<Name>Item price</Name>
						<Description>The net price of the item including all allowances, charges and
							taxes but exluding VAT. Although price is an optional element in an
							order it recommended as best practice to either state the price or
							provide reference to an appropriate source from which the price can be
							identified such as a contract, catalogue or a quote.</Description>
						<DataType>Price amount</DataType>
						<Reference type="BUSINESS_TERM">tir01-130</Reference>
						<Reference type="RULE">PEPPOL-T01-R005</Reference>
						<Reference type="RULE">PEPPOL-T01-R019</Reference>
						<Attribute>
							<Term>currencyID</Term>
							<Description>Currency identifier, value must be the same as what is used
								in tir01-007, DocumentCurrencyCode.</Description>
							<Reference type="CODE_LIST">ISO4217</Reference>
							<Reference type="RULE">PEPPOL-T01-R003</Reference>
							<Value type="EXAMPLE">EUR</Value>

						</Attribute>
						<Value type="EXAMPLE">211.124</Value>
					</Element>
					<Element cardinality="0..1">
						<Term>cbc:BaseQuantity</Term>
						<Name>Item price base quantity</Name>
						<Description>The actual quantity to which the price applies.</Description>
						<Reference type="BUSINESS_TERM">tir01-131</Reference>
						<Reference type="RULE">PEPPOL-T01-R025</Reference>
						<Attribute usage="Optional">
							<Term>unitCode</Term>
							<Name>Base quantity unit of measure</Name>
							<Description>The unit of measure that applies to the base
								quantity.</Description>
							<DataType>Code</DataType>
							<Reference type="CODE_LIST">UNECERec20</Reference>
							<Value type="EXAMPLE">C62</Value>
						</Attribute>
						<Value type="DEFAULT">1</Value>
					</Element>
					<Element cardinality="0..1">
						<Term>cac:AllowanceCharge</Term>
						<Name>Price discount information</Name>
						<Description>Information on discounts connected to the price </Description>
						<Element>
							<Term>cbc:ChargeIndicator</Term>
							<Name>AllowanceChargeIndicator</Name>
							<Description>Only discounts are allowed for the price, hence the only
								valid value is false (meaning an allowance)</Description>
							<DataType>Boolean</DataType>
							<Reference type="BUSINESS_TERM">tir01-p004</Reference>
							<Value type="FIXED">false</Value>
						</Element>
						<Element>
							<Term>cbc:Amount</Term>
							<Name>Discount amount</Name>
							<Description>Discount amount connected to the price</Description>
							<DataType>Price amount</DataType>
							<Reference type="BUSINESS_TERM">tir01-p006</Reference>

							<Attribute>
								<Term>currencyID</Term>
								<Description>Currency identifier, value must be the same as what is
									used in tir01-007, DocumentCurrencyCode.</Description>
								<Reference type="CODE_LIST">ISO4217</Reference>
								<Reference type="RULE">PEPPOL-T01-R003</Reference>
								<Value type="EXAMPLE">EUR</Value>
							</Attribute>
							<Value type="EXAMPLE">200</Value>
						</Element>
						<Element cardinality="0..1">
							<Term>cbc:BaseAmount</Term>
							<Name>Item list price</Name>
							<Description>The gross price of the item before subtracting discounts.
								E.g. list price.</Description>
							<DataType>Price amount</DataType>
							<Reference type="BUSINESS_TERM">tir01-152</Reference>
							<Reference type="RULE">PEPPOL-T01-R027</Reference>
							<Attribute>
								<Term>currencyID</Term>
								<Description>Currency identifier, value must be the same as what is
									used in tir01-007, DocumentCurrencyCode.</Description>
								<Reference type="CODE_LIST">ISO4217</Reference>
								<Reference type="RULE">PEPPOL-T01-R003</Reference>
								<Value type="EXAMPLE">EUR</Value>
							</Attribute>
							<Value type="EXAMPLE">200</Value>
						</Element>
					</Element>
				</Element>
				<Element>
					<Term>cac:Item</Term>
					<Name>Item information</Name>
					<Element cardinality="0..1">
						<Term>cbc:Description</Term>
						<Name>Item description</Name>
						<Description>Free-form field that can be used to give a text description of
							the item. A detailed description of the item.</Description>
						<DataType>Text</DataType>
						<Reference type="BUSINESS_TERM">tir01-133</Reference>
					</Element>
					<Element cardinality="0..1" agid:custom="extension">
						<Term>cbc:PackQuantity</Term>
						<Name>Il numero di sotto-unità in un articolo</Name>
						<Attribute usage="Optional">
							<Term>unitCode</Term>
							<Name>Base quantity unit of measure</Name>
							<Description>The unit of measure that applies to the base
								quantity.</Description>
							<DataType>Code</DataType>
							<Reference type="CODE_LIST">UNECERec20</Reference>
							<Value type="EXAMPLE">C62</Value>
						</Attribute>
						<Value type="DEFAULT">1</Value>
					</Element>
					<Element cardinality="0..1" agid:custom="extension">
						<Term>cbc:PackSizeNumeric</Term>
						<Name>Il numero di articoli in una confezione</Name>
						<Value type="DEFAULT">1</Value>
					</Element>					
					<Element agid:note="mandatory">
						<Term>cbc:Name</Term>
						<Name>Item name</Name>
						<Description>A short name for an item. A short name given to an
							item, such as a name from a Catalogue, as distinct from a
							description.</Description>
						<DataType>Text</DataType>
						<Reference type="BUSINESS_TERM">tir01-135</Reference>
						<Reference type="RULE">INT-T01-R034</Reference>
					</Element>
					<Element cardinality="0..1" agid:note="new">
						<Term>cac:BuyersItemIdentification</Term>
						<Name>Buyers item identification</Name>
						<Element>
							<Term>cbc:ID</Term>
							<Name>Buyers item identifier</Name>
							<Description>An identifier, assigned by the buyer, for the
								item. Associates the item with its identification according to the
								buyer's system. </Description>
							<DataType>Identifier</DataType>
							<Reference type="BUSINESS_TERM">tir01-p022</Reference>
							<Value type="EXAMPLE">abc32432</Value>
						</Element>
					</Element>
					<Element cardinality="0..1">
						<Term>cac:SellersItemIdentification</Term>
						<Name>Sellers item identification</Name>
						<Element>
							<Term>cbc:ID</Term>
							<Name>The Sellers item identifier</Name>
							<Description>An identifier, assigned by the seller, for the
								item. Associates the item with its identification according to the
								seller's system. </Description>
							<DataType>Identifier</DataType>
							<Reference type="BUSINESS_TERM">tir01-p020</Reference>
							
							<Value type="EXAMPLE">3249834</Value>
						</Element>
					</Element>
					<Element cardinality="0..1">
						<Term>cac:StandardItemIdentification</Term>
						<Name>Standard item identification</Name>
						<Element>
							<Term>cbc:ID</Term>
							<Name>Item standard identifier</Name>
							<Description>An item identifier based on a registered scheme. Associates
								the item with its identification according to a standard system.</Description>
							<DataType>Identifier</DataType>
							<Reference type="BUSINESS_TERM">tir01-136</Reference>
							
							<Attribute>
								<Term>schemeID</Term>
								<Name>Item standard identifier identification scheme identifier</Name>
								<Description>The identification scheme identifier of the Item standard identifier</Description>
								<Reference type="CODE_LIST">ICD</Reference>
								<Value type="EXAMPLE">0160</Value>
							</Attribute>
							<Value type="EXAMPLE">05704066204093</Value>
						</Element>
					</Element>
					
					<Element cardinality="0..n">
						<Term>cac:ItemSpecificationDocumentReference</Term>
						<Name>Item specification reference</Name>
						<Description>Referece to an item specification document</Description>
						<Element>
							<Term>cbc:ID</Term>
							<Name>Document reference identifier</Name>
							<Description>Reference to an external document (ID) when it is necessary
								to specify the details of the item.</Description>
							<DataType>Document reference</DataType>
							<Reference type="BUSINESS_TERM">tir01-p007</Reference>
							<Value type="EXAMPLE">doc4353.pdf</Value>
						</Element>
					</Element>
					<Element cardinality="0..n">
						<Term>cac:CommodityClassification</Term>
						<Name>Commodity classification information</Name>
						<Element cardinality="0..1">
							<Term>cbc:ItemClassificationCode</Term>
							<Name>Item classification code</Name>
							<Description>A code for classifying the item by its type or nature.
								Classification codes are used to allow grouping of similar items for
								a various purposes e.g. public procurement (CPV), e-Commerce
								(UNSPSC) etc.</Description>
							<DataType>Code</DataType>
							<Reference type="BUSINESS_TERM">tir01-149</Reference>
							<Attribute>
								<Term>listID</Term>
								<Name>Item classification identifier identification scheme
									identifier</Name>
								<Description>The identification scheme identifier of the Item
									classification identifier</Description>
								<Reference type="CODE_LIST">UNCL7143</Reference>
								<Value type="EXAMPLE">STI</Value>
							</Attribute>
							<Attribute usage="Optional">
								<Term>listVersionID</Term>
								<Name>Item classification identifier version identification scheme
									identifier</Name>
								<Description>The identification scheme version identifier of the
									Item classification identifier</Description>
							</Attribute>
							<Value type="EXAMPLE">9873242</Value>
						</Element>
					</Element>
					<Element cardinality="0..1">
						<Term>cac:ClassifiedTaxCategory</Term>
						<Name>Line VAT information</Name>
						<Element>
							<Term>cbc:ID</Term>
							<Name>Item VAT category code</Name>
							<Description>The VAT category code for the item.</Description>
							<DataType>Code</DataType>
							<Reference type="BUSINESS_TERM">tir01-150</Reference>

							<Reference type="CODE_LIST">UNCL5305</Reference>
							<Value type="EXAMPLE">S</Value>
						</Element>
						<Element cardinality="0..1">
							<Term>cbc:Percent</Term>
							<Name>Line VAT rate</Name>
							<Description>The VAT percentage rate that applies to the line
								amount.</Description>
							<DataType>Percentage</DataType>
							<Reference type="BUSINESS_TERM">tir01-170</Reference>
							<Reference type="RULE">PEPPOL-T01-R029</Reference>
							<Reference type="RULE">PEPPOL-T01-R030</Reference>
							<Value type="EXAMPLE">25</Value>
						</Element>
						<Element>
							<Term>cac:TaxScheme</Term>
							<Name>Tax scheme information</Name>
							<Element>
								<Term>cbc:ID</Term>
								<Description>Tax scheme. Use “VAT”</Description>
								<DataType>Identifier</DataType>
								<Reference type="BUSINESS_TERM">tir01-p021</Reference>
								<Value type="FIXED">VAT</Value>
							</Element>
						</Element>
					</Element>
					<Element cardinality="0..n">
						<Term>cac:AdditionalItemProperty</Term>
						<Name>Additional item property information</Name>
						<Description>A group of business terms providing information about properties of the goods and services invoiced.</Description>
						<Element>
							<Term>cbc:Name</Term>
							<Name>Item property name</Name>
							<Description>The name of the property.The name must be sufficiently
								descriptive to define the value. The definition may be supplemented
								with the property unit of measure when relevant.</Description>
							<DataType>Text</DataType>
							<Reference type="BUSINESS_TERM">tir01-138</Reference>
							<Value type="EXAMPLE">Color</Value>
						</Element>
						<Element cardinality="0..1" agid:note="new">
							<Term>cbc:NameCode</Term>
							<Name>Item property code</Name>
							<Description>Code for the item property according to a property code system.</Description>
							<DataType>Code</DataType>
							<Reference type="BUSINESS_TERM">tir01-p024</Reference>
							<Attribute>
								<Term>listID</Term>
								<Name>Name code list id.</Name>
								<Description>An identifier for the code list used for the Name code, this is bilaterally agreed</Description>
							</Attribute>
						</Element>
						<Element>
							<Term>cbc:Value</Term>
							<Name>Item property value</Name>
							<Description>The value of the item property.</Description>
							<DataType>Text</DataType>
							<Reference type="BUSINESS_TERM">tir01-139</Reference>
							<Value type="EXAMPLE">Red</Value>
						</Element>
						<Element cardinality="0..1">
							<Term>cbc:ValueQuantity</Term>
							<Name>Item property unit of measure</Name>
							<Description>The unit of measure in which the property value is stated,
								if relevant. May not be relevant when properties are
								descriptive.</Description>
							<DataType>Quantity</DataType>
							<Reference type="BUSINESS_TERM">tir01-p020</Reference>
							<Attribute>
								<Term>unitCode</Term>
								<Name>Value quantity unit of measure</Name>
								<Description>The unit of measure that applies to the value
									quantity.</Description>
								<DataType>Code</DataType>
								<Reference type="CODE_LIST">UNECERec20</Reference>
								<Value type="EXAMPLE">C62</Value>
							</Attribute>
							<Value type="EXAMPLE">10</Value>
						</Element>
						<Element cardinality="0..1">
							<Term>cbc:ValueQualifier</Term>
							<Name>Property classification</Name>
							<Description>Standardized and predefined classification of items properties.</Description>
							<DataType>Text</DataType>
							<Reference type="BUSINESS_TERM">tir01-p021</Reference>
						</Element>
					</Element>
					<Element cardinality="0..n" agid:note="new">
						<Term>cac:ItemInstance</Term>
						<Name>Item instance information</Name>
						<Description>Information relevant to an item instance or shared by the items
							in the order line.</Description>
						<Element cardinality="0..1">
							<Term>cbc:SerialID</Term>
							<Name>Item serial identification</Name>
							<Description>An identifier that is specific to the items in the order
								line.</Description>
							<Reference type="BUSINESS_TERM">tir01-p023</Reference>
						</Element>
						<Element cardinality="0..1">
							<Term>cac:LotIdentification</Term>
							<Name>Item lot information</Name>
							<Description>Information about the production lot which the order line
								items come from.</Description>
							<Element cardinality="0..1">
								<Term>cbc:LotNumberID</Term>
								<Name>Item lot identifier</Name>
								<Description>An identifier for the production lot which the order
									line items come from.</Description>
								<Reference type="BUSINESS_TERM">tir01-p022</Reference>

							</Element>
						</Element>
					</Element>
				</Element>
			</Element>
			<Element cardinality="0..n" agid:custom="extension">
				<Term>cac:DocumentReference</Term>
				<Name>Document reference</Name>
				<Description>Riferimenti aggiuntivi a documenti e loro estremi a livello di riga.</Description>
				<Element>
					<Term>cbc:ID</Term>
					<Name>Riferimento ad un documento.</Name>
					<Description>Specificare l’identificativo del documento a cui ci si riferisce.</Description>
					<DataType>Document reference</DataType>
					<Reference type="BUSINESS_TERM">tir01-011</Reference>
					<Reference type="RULE">INT-T01-R029</Reference>
					<Value type="EXAMPLE">4832423</Value>
				</Element>
				<Element cardinality="0..1">
					<Term>cbc:IssueDate</Term>
					<Name>Data Emissione documento</Name>
					<DataType>Date</DataType>
					<Reference type="BUSINESS_TERM">tir01-011</Reference>
					<Value type="EXAMPLE">2018-09-03</Value>
				</Element>
				<Element>
					<Term>cbc:DocumentTypeCode</Term>
					<Name>Codice Tipo Ordine</Name>
					<Description>Indicare il tipo documento a cui ci si riferisce specificando uno dei DocumentType previsti.</Description>
					<DataType>Document reference</DataType>
					<Reference type="BUSINESS_TERM">tir01-011</Reference>
					<Value type="EXAMPLE">220</Value>
				</Element>
			</Element>
		</Element>
	</Document>
</Structure>
