<?xml version="1.0" encoding="UTF-8"?>
<OrderResponse xmlns:xs="http://www.w3.org/2001/XMLSchema"
   xmlns="urn:oasis:names:specification:ubl:schema:xsd:OrderResponse-2"
    xmlns:cac="urn:oasis:names:specification:ubl:schema:xsd:CommonAggregateComponents-2"
    xmlns:cbc="urn:oasis:names:specification:ubl:schema:xsd:CommonBasicComponents-2">
	<cbc:CustomizationID>urn:fdc:peppol.eu:poacc:trns:order_response:3:extended:urn:www.ubl-italia.org:spec:ordine:ver3.1</cbc:CustomizationID>
	<cbc:ProfileID>urn:fdc:peppol.eu:poacc:bis:ordering:3</cbc:ProfileID>
	<cbc:ID>0002a-2018</cbc:ID>
	<!--Riferimento ordine indicato dal venditore-->
	<cbc:SalesOrderID>123</cbc:SalesOrderID>
	<cbc:IssueDate>2018-09-01</cbc:IssueDate>
	<cbc:IssueTime>14:30:00</cbc:IssueTime>
	<cbc:OrderResponseCode listID="UNCL4343">CA</cbc:OrderResponseCode>
	<cbc:Note>Risposta Ordine Accettata con Modifica: una riga modificata, una riga respinta</cbc:Note>
	<cbc:DocumentCurrencyCode listID="ISO4217">EUR</cbc:DocumentCurrencyCode>
	<!--Riferimento interno dell'ordine indicato dall'acquirente-->
	<cbc:CustomerReference>1234</cbc:CustomerReference>
	<cac:OrderReference>
		<cbc:ID>2a-2018</cbc:ID>
		<cbc:IssueDate>2018-09-01</cbc:IssueDate>
		<cac:DocumentReference>
			<cbc:ID>2a-2018</cbc:ID>
			<cac:IssuerParty>
				<cbc:EndpointID schemeID="9921">UFR9WK</cbc:EndpointID>
				<cac:PartyIdentification>
					<cbc:ID schemeID="9921">UFR9WK</cbc:ID>
				</cac:PartyIdentification>
			</cac:IssuerParty>
		</cac:DocumentReference>
	</cac:OrderReference>
	<!--Fornitore, Venditore-->
	<cac:SellerSupplierParty>
		<cac:Party>
			<cbc:EndpointID schemeID="9906">IT05501420961</cbc:EndpointID>
			<cac:PartyIdentification>
				<cbc:ID schemeID="9906">IT05501420961</cbc:ID>
			</cac:PartyIdentification>
			<cac:PartyLegalEntity>
				<cbc:RegistrationName>BRACCO IMAGING ITALIA S.R.L.</cbc:RegistrationName>
			</cac:PartyLegalEntity>
		</cac:Party>
	</cac:SellerSupplierParty>
	<!--Mittente, Cliente-->
	<cac:BuyerCustomerParty>
		<cac:Party>
			<cbc:EndpointID schemeID="9907">01598570354</cbc:EndpointID>
			<cac:PartyIdentification>
				<cbc:ID schemeID="9921">UFR9WK</cbc:ID>
			</cac:PartyIdentification>
			<cac:PartyLegalEntity>
				<cbc:RegistrationName>Azienda Unita Sanitaria Locale di Reggio Emilia</cbc:RegistrationName>
			</cac:PartyLegalEntity>
		</cac:Party>
	</cac:BuyerCustomerParty>
	<cac:Delivery>
		<cac:PromisedDeliveryPeriod>
			<cbc:StartDate>2018-09-03</cbc:StartDate>
			<cbc:EndDate>2018-12-31</cbc:EndDate>
		</cac:PromisedDeliveryPeriod>
	</cac:Delivery>
	<cac:OrderLine>
		<cac:LineItem>
			<cbc:ID>001</cbc:ID>
			<cbc:Note>Prodotto Modificato</cbc:Note>
			<cbc:LineStatusCode listID="UNCL1229">3</cbc:LineStatusCode>
			<cbc:Quantity unitCode="C62" unitCodeListID="UNECERec20">25</cbc:Quantity>
			<!--Quantità massima di ordini arretrati-->
			<cbc:MaximumBackorderQuantity>0</cbc:MaximumBackorderQuantity>
			<cac:Delivery>
				<cac:PromisedDeliveryPeriod>
					<cbc:StartDate>2018-09-03</cbc:StartDate>
					<cbc:EndDate>2018-09-30</cbc:EndDate>
				</cac:PromisedDeliveryPeriod>
			</cac:Delivery>
			<cac:Price>
				<cbc:PriceAmount currencyID="EUR">4.725</cbc:PriceAmount>
				<!--La quantità effettiva a cui si applica il prezzo-->
				<cbc:BaseQuantity unitCode="C62" unitCodeListID="UNECERec20">1</cbc:BaseQuantity>
			</cac:Price>
			<cac:Item>
				<cbc:Name>Prodotto 01</cbc:Name>
				<!--Codice prodotto interno-->
				<cac:BuyersItemIdentification>  
					<cbc:ID>xyz10</cbc:ID> 
				</cac:BuyersItemIdentification>
				<cac:SellersItemIdentification>  
					<cbc:ID>79847-E</cbc:ID> 
				</cac:SellersItemIdentification>
				<cac:StandardItemIdentification>  
					<cbc:ID schemeID="0160">123456789</cbc:ID> 
				</cac:StandardItemIdentification>
			</cac:Item>
		</cac:LineItem>
		<cac:SellerSubstitutedLineItem>
			<cbc:ID>1</cbc:ID>
			<cac:Item>
				<cbc:Name>Prodotto 01BIS</cbc:Name>
				<!--Codice prodotto interno-->
				<cac:SellersItemIdentification>  
					<cbc:ID>79899-A</cbc:ID> 
				</cac:SellersItemIdentification>
				<cac:StandardItemIdentification>  
					<cbc:ID schemeID="0160">123456789</cbc:ID> 
				</cac:StandardItemIdentification>
				<cac:CommodityClassification>
					<cbc:ItemClassificationCode listID="DM1">130209/R</cbc:ItemClassificationCode>
				</cac:CommodityClassification>
				<cac:ClassifiedTaxCategory>
					<cbc:ID schemeID="UNCL5305">S</cbc:ID>
					<cbc:Percent>22</cbc:Percent>
					<cac:TaxScheme>
						<cbc:ID >VAT</cbc:ID>
					</cac:TaxScheme>
				</cac:ClassifiedTaxCategory>
			</cac:Item>
		</cac:SellerSubstitutedLineItem>
		<cac:OrderLineReference>
			<cbc:LineID>1</cbc:LineID>
		</cac:OrderLineReference>
	</cac:OrderLine>
	<cac:OrderLine>
		<cac:LineItem>
			<cbc:ID>002</cbc:ID>
			<cbc:Note>Riga Respinta</cbc:Note>
			<cbc:LineStatusCode listID="UNCL1229">7</cbc:LineStatusCode>
			<cbc:Quantity unitCode="C62" unitCodeListID="UNECERec20">5</cbc:Quantity>
			<cac:Delivery>
				<cac:PromisedDeliveryPeriod>
					<cbc:StartDate>2018-09-01</cbc:StartDate>
					<cbc:EndDate>2018-09-02</cbc:EndDate>
				</cac:PromisedDeliveryPeriod>
			</cac:Delivery>
			<cac:Price>
				<cbc:PriceAmount currencyID="EUR">5.40</cbc:PriceAmount>
				<!--La quantità effettiva a cui si applica il prezzo-->
				<cbc:BaseQuantity unitCode="C62" unitCodeListID="UNECERec20">1</cbc:BaseQuantity>
			</cac:Price>
			<cac:Item>
				<cbc:Name>Prodotto 02</cbc:Name> 
				<cac:SellersItemIdentification>  
					<cbc:ID>79847-E</cbc:ID> 
				</cac:SellersItemIdentification>
			</cac:Item>
		</cac:LineItem>
		<cac:OrderLineReference>
			<cbc:LineID>2</cbc:LineID>
		</cac:OrderLineReference>
	</cac:OrderLine>
</OrderResponse>
