<?xml version="1.0" encoding="UTF-8"?>
<OrderResponse xmlns:xs="http://www.w3.org/2001/XMLSchema"
   xmlns="urn:oasis:names:specification:ubl:schema:xsd:OrderResponse-2"
    xmlns:cac="urn:oasis:names:specification:ubl:schema:xsd:CommonAggregateComponents-2"
    xmlns:cbc="urn:oasis:names:specification:ubl:schema:xsd:CommonBasicComponents-2">
	<cbc:CustomizationID>urn:fdc:peppol.eu:poacc:trns:order_response:3:extended:urn:www.ubl-italia.org:spec:ordine:ver3.1</cbc:CustomizationID>
	<cbc:ProfileID>urn:fdc:peppol.eu:poacc:bis:ordering:3</cbc:ProfileID>
	<cbc:ID>0002a-2018</cbc:ID>
	<!--Riferimento ordine indicato dal venditore-->
	<cbc:SalesOrderID>123</cbc:SalesOrderID>
	<cbc:IssueDate>2018-09-01</cbc:IssueDate>
	<cbc:IssueTime>14:30:00</cbc:IssueTime>
	<cbc:OrderResponseCode listID="UNCL4343">AP</cbc:OrderResponseCode>
	<cbc:Note>Risposta Ordine Accettato senza Modifica</cbc:Note>
	<cbc:DocumentCurrencyCode listID="ISO4217">EUR</cbc:DocumentCurrencyCode>
	<!--Riferimento interno dell'ordine indicato dall'acquirente-->
	<cbc:CustomerReference>1234</cbc:CustomerReference>
	<cac:OrderReference>
		<cbc:ID>2a-2018</cbc:ID>
		<cbc:IssueDate>2018-09-01</cbc:IssueDate>
		<cac:DocumentReference>
			<cbc:ID>2a-2018</cbc:ID>
			<cac:IssuerParty>
				<cbc:EndpointID schemeID="9921">UFR9WK</cbc:EndpointID>
				<cac:PartyIdentification>
					<cbc:ID schemeID="9921">UFR9WK</cbc:ID>
				</cac:PartyIdentification>
			</cac:IssuerParty>
		</cac:DocumentReference>
	</cac:OrderReference>
	<!--Fornitore, Venditore-->
	<cac:SellerSupplierParty>
		<cac:Party>
			<cbc:EndpointID schemeID="9906">IT05501420961</cbc:EndpointID>
			<cac:PartyIdentification>
				<cbc:ID schemeID="9906">IT05501420961</cbc:ID>
			</cac:PartyIdentification>
			<cac:PartyLegalEntity>
				<cbc:RegistrationName>BRACCO IMAGING ITALIA S.R.L.</cbc:RegistrationName>
			</cac:PartyLegalEntity>
		</cac:Party>
	</cac:SellerSupplierParty>
	<!--Mittente, Cliente-->
	<cac:BuyerCustomerParty>
		<cac:Party>
			<cbc:EndpointID schemeID="9907">01598570354</cbc:EndpointID>
			<cac:PartyIdentification>
				<cbc:ID schemeID="9921">UFR9WK</cbc:ID>
			</cac:PartyIdentification>
			<cac:PartyLegalEntity>
				<cbc:RegistrationName>Azienda Unita Sanitaria Locale di Reggio Emilia</cbc:RegistrationName>
			</cac:PartyLegalEntity>
		</cac:Party>
	</cac:BuyerCustomerParty>
	<cac:Delivery>
		<cac:PromisedDeliveryPeriod>
			<cbc:StartDate>2018-09-03</cbc:StartDate>
			<cbc:EndDate>2018-12-31</cbc:EndDate>
		</cac:PromisedDeliveryPeriod>
	</cac:Delivery>
</OrderResponse>
