<?xml version="1.0" encoding="UTF-8"?>
<OrderResponse xmlns:xs="http://www.w3.org/2001/XMLSchema"
   xmlns="urn:oasis:names:specification:ubl:schema:xsd:OrderResponse-2"
    xmlns:cac="urn:oasis:names:specification:ubl:schema:xsd:CommonAggregateComponents-2"
    xmlns:cbc="urn:oasis:names:specification:ubl:schema:xsd:CommonBasicComponents-2">
	<cbc:CustomizationID>urn:fdc:peppol.eu:poacc:trns:order_response:3:extended:urn:www.ubl-italia.org:spec:ordine:ver3.1</cbc:CustomizationID>
	<cbc:ProfileID>urn:fdc:peppol.eu:poacc:bis:ordering:3</cbc:ProfileID>
	<cbc:ID>0002a-2019</cbc:ID>
	<cbc:IssueDate>2019-03-01</cbc:IssueDate>
	<cbc:OrderResponseCode listID="UNCL4343">CA</cbc:OrderResponseCode>
	<cbc:Note>Risposta Ordine Accettata con Modifica in alcune Righe</cbc:Note>
	<cbc:DocumentCurrencyCode listID="ISO4217">EUR</cbc:DocumentCurrencyCode>
	<cac:OrderReference>
		<cbc:ID>123456</cbc:ID>
		<cbc:IssueDate>2019-02-20</cbc:IssueDate>
		<cac:DocumentReference>
			<cbc:ID>123456</cbc:ID>
			<cac:IssuerParty>
				<cbc:EndpointID schemeID="9921">ABCDEF</cbc:EndpointID>
				<cac:PartyIdentification>
					<cbc:ID schemeID="9921">ABCDEF</cbc:ID>
				</cac:PartyIdentification>
			</cac:IssuerParty>
		</cac:DocumentReference>
	</cac:OrderReference>
	<!--Fornitore, Venditore-->
	<cac:SellerSupplierParty>
		<cac:Party>
			<cbc:EndpointID schemeID="9906">IT05501420999</cbc:EndpointID>
			<cac:PartyIdentification>
				<cbc:ID schemeID="9906">IT05501420999</cbc:ID>
			</cac:PartyIdentification>
			<cac:PostalAddress>
				<cbc:StreetName>VIA CADUTI DI MARCINELLE,13</cbc:StreetName>
				<cbc:AdditionalStreetName>Deposito Consegnatario</cbc:AdditionalStreetName>
				<cbc:CityName>MILANO</cbc:CityName>
				<cbc:PostalZone>20100</cbc:PostalZone>
				<cbc:CountrySubentity>MI</cbc:CountrySubentity>
				<cac:AddressLine>
					<cbc:Line>Informazioni Aggiuntive</cbc:Line>
				</cac:AddressLine>
				<cac:Country>
					<cbc:IdentificationCode listID="ISO3166-1:Alpha2">IT</cbc:IdentificationCode>
				</cac:Country>
			</cac:PostalAddress>
			<cac:PartyLegalEntity>
				<cbc:RegistrationName>BRACCO IMAGING ITALIA S.R.L.</cbc:RegistrationName>
			</cac:PartyLegalEntity>
			<cac:Contact>
				<cbc:Name>Pinco Pallino</cbc:Name>
				<cbc:Telephone>02951811</cbc:Telephone>
				<cbc:ElectronicMail>seller@fornitore.it</cbc:ElectronicMail>
			</cac:Contact>
		</cac:Party>
	</cac:SellerSupplierParty>
	<!--Mittente, Cliente-->
	<cac:BuyerCustomerParty>
		<cac:Party>
			<cbc:EndpointID schemeID="9907">01598570399</cbc:EndpointID>
			<cac:PartyIdentification>
				<cbc:ID schemeID="9921">ABCDEF</cbc:ID>
			</cac:PartyIdentification>
			<cac:PostalAddress>
				<cbc:StreetName>VIA VERTOIBA 10/A</cbc:StreetName>
				<cbc:CityName>REGGIO NELL&apos;'EMILIA</cbc:CityName>
				<cbc:PostalZone>42122</cbc:PostalZone>
				<cbc:CountrySubentity>RE</cbc:CountrySubentity>
				<cac:AddressLine>
					<cbc:Line>Magazzino 34</cbc:Line>
				</cac:AddressLine>
				<cac:Country>
					<cbc:IdentificationCode listID="ISO3166-1:Alpha2">IT</cbc:IdentificationCode>
				</cac:Country>
			</cac:PostalAddress>
			<cac:PartyLegalEntity>
				<cbc:RegistrationName>Azienda Unita Sanitaria Locale di Reggio Emilia</cbc:RegistrationName>
			</cac:PartyLegalEntity>
			<cac:Contact>
				<cbc:Name>Pinco Pallino</cbc:Name>
				<cbc:Telephone>02951811333</cbc:Telephone>
				<cbc:ElectronicMail>buyer@acquirente.it</cbc:ElectronicMail>
			</cac:Contact>
		</cac:Party>
	</cac:BuyerCustomerParty>
	<cac:Delivery>
		<cac:PromisedDeliveryPeriod>
			<cbc:StartDate>2019-01-01</cbc:StartDate>
			<cbc:EndDate>2019-12-31</cbc:EndDate>
		</cac:PromisedDeliveryPeriod>
	</cac:Delivery>
	<cac:OrderLine>
		<cac:LineItem>
			<cbc:ID>001</cbc:ID>
			<cbc:Note>Prodotto accettato senza modifica</cbc:Note>
			<cbc:LineStatusCode listID="UNCL1229">5</cbc:LineStatusCode>
			<cbc:Quantity unitCode="C62" unitCodeListID="UNECERec20">10</cbc:Quantity>
			<!--Quantità massima di ordini arretrati-->
			<cbc:MaximumBackorderQuantity>0</cbc:MaximumBackorderQuantity>
			<cac:Delivery>
				<cac:PromisedDeliveryPeriod>
					<cbc:StartDate>2019-03-01</cbc:StartDate>
					<cbc:EndDate>2019-03-04</cbc:EndDate>
				</cac:PromisedDeliveryPeriod>
			</cac:Delivery>
			<cac:Price>
				<cbc:PriceAmount currencyID="EUR">5.00000</cbc:PriceAmount>
				<!--La quantità effettiva a cui si applica il prezzo-->
				<cbc:BaseQuantity unitCode="C62" unitCodeListID="UNECERec20">1</cbc:BaseQuantity>
			</cac:Price>
			<cac:Item>
				<cbc:Name>Articolo 1</cbc:Name>
				<cac:SellersItemIdentification>  
					<cbc:ID>7980</cbc:ID> 
				</cac:SellersItemIdentification>
				<cac:ClassifiedTaxCategory>
					<cbc:ID schemeID="UNCL5305">S</cbc:ID>
					<cbc:Percent>22</cbc:Percent>
					<cac:TaxScheme>
						<cbc:ID >VAT</cbc:ID>
					</cac:TaxScheme>
				</cac:ClassifiedTaxCategory>
			</cac:Item>
		</cac:LineItem>
		<cac:OrderLineReference>
			<cbc:LineID>1</cbc:LineID>
		</cac:OrderLineReference>
	</cac:OrderLine>
	<cac:OrderLine>
		<cac:LineItem>
			<cbc:ID>002</cbc:ID>
			<cbc:Note>Prodotto respinto. Merce terminata</cbc:Note>
			<cbc:LineStatusCode listID="UNCL1229">7</cbc:LineStatusCode>
			<cbc:Quantity unitCode="C62" unitCodeListID="UNECERec20">10</cbc:Quantity>
			<!--Quantità massima di ordini arretrati-->
			<cbc:MaximumBackorderQuantity>0</cbc:MaximumBackorderQuantity>
			<cac:Delivery>
				<cac:PromisedDeliveryPeriod>
					<cbc:StartDate>2019-04-01</cbc:StartDate>
					<cbc:EndDate>2019-04-10</cbc:EndDate>
				</cac:PromisedDeliveryPeriod>
			</cac:Delivery>
			<cac:Price>
				<cbc:PriceAmount currencyID="EUR">4.00000</cbc:PriceAmount>
				<!--La quantità effettiva a cui si applica il prezzo-->
				<cbc:BaseQuantity unitCode="C62" unitCodeListID="UNECERec20">1</cbc:BaseQuantity>
			</cac:Price>
			<cac:Item>
				<cbc:Name>Articolo 2</cbc:Name>
				<cac:SellersItemIdentification>  
					<cbc:ID>7981</cbc:ID> 
				</cac:SellersItemIdentification>
				<cac:ClassifiedTaxCategory>
					<cbc:ID schemeID="UNCL5305">S</cbc:ID>
					<cbc:Percent>22</cbc:Percent>
					<cac:TaxScheme>
						<cbc:ID >VAT</cbc:ID>
					</cac:TaxScheme>
				</cac:ClassifiedTaxCategory>
			</cac:Item>
		</cac:LineItem>
		<cac:OrderLineReference>
			<cbc:LineID>2</cbc:LineID>
		</cac:OrderLineReference>
	</cac:OrderLine>
	<cac:OrderLine>
		<cac:LineItem>
			<cbc:ID>003</cbc:ID>
			<cbc:Note>Prodotto modificato</cbc:Note>
			<cbc:LineStatusCode listID="UNCL1229">3</cbc:LineStatusCode>
			<cbc:Quantity unitCode="C62" unitCodeListID="UNECERec20">5</cbc:Quantity>
			<!--Quantità massima di ordini arretrati-->
			<cbc:MaximumBackorderQuantity>0</cbc:MaximumBackorderQuantity>
			<cac:Delivery>
				<cac:PromisedDeliveryPeriod>
					<cbc:StartDate>2019-04-20</cbc:StartDate>
					<cbc:EndDate>2019-04-30</cbc:EndDate>
				</cac:PromisedDeliveryPeriod>
			</cac:Delivery>
			<cac:Price>
				<cbc:PriceAmount currencyID="EUR">7.50000</cbc:PriceAmount>
				<!--La quantità effettiva a cui si applica il prezzo-->
				<cbc:BaseQuantity unitCode="C62" unitCodeListID="UNECERec20">1</cbc:BaseQuantity>
			</cac:Price>
			<cac:Item>
				<cbc:Name>Articolo 3</cbc:Name>
				<cac:SellersItemIdentification>  
					<cbc:ID>7982</cbc:ID> 
				</cac:SellersItemIdentification>
				<cac:ClassifiedTaxCategory>
					<cbc:ID schemeID="UNCL5305">S</cbc:ID>
					<cbc:Percent>22</cbc:Percent>
					<cac:TaxScheme>
						<cbc:ID >VAT</cbc:ID>
					</cac:TaxScheme>
				</cac:ClassifiedTaxCategory>
			</cac:Item>
		</cac:LineItem>
		<cac:SellerSubstitutedLineItem>
			<cbc:ID>1</cbc:ID>
			<cac:Item>
				<cbc:Name>Articolo 03BIS</cbc:Name>
				<cac:SellersItemIdentification>  
					<cbc:ID>7982_BIS</cbc:ID> 
				</cac:SellersItemIdentification>
				<cac:ClassifiedTaxCategory>
					<cbc:ID schemeID="UNCL5305">S</cbc:ID>
					<cbc:Percent>22</cbc:Percent>
					<cac:TaxScheme>
						<cbc:ID >VAT</cbc:ID>
					</cac:TaxScheme>
				</cac:ClassifiedTaxCategory>
			</cac:Item>
		</cac:SellerSubstitutedLineItem>
		<cac:OrderLineReference>
			<cbc:LineID>3</cbc:LineID>
		</cac:OrderLineReference>
	</cac:OrderLine>
</OrderResponse>
