<?xml version="1.0" encoding="UTF-8"?>
<OrderResponse xmlns:xs="http://www.w3.org/2001/XMLSchema"
   xmlns="urn:oasis:names:specification:ubl:schema:xsd:OrderResponse-2"
    xmlns:cac="urn:oasis:names:specification:ubl:schema:xsd:CommonAggregateComponents-2"
    xmlns:cbc="urn:oasis:names:specification:ubl:schema:xsd:CommonBasicComponents-2">
	<cbc:CustomizationID>urn:fdc:peppol.eu:poacc:trns:order_response:3:extended:urn:www.ubl-italia.org:spec:ordine:ver3.1</cbc:CustomizationID>
	<cbc:ProfileID>urn:fdc:peppol.eu:poacc:bis:ordering:3</cbc:ProfileID>
	<cbc:ID>0002a-2019</cbc:ID>
	<cbc:IssueDate>2019-03-01</cbc:IssueDate>
	<cbc:OrderResponseCode listID="UNCL4343">AP</cbc:OrderResponseCode>
	<cbc:Note>Risposta Ordine Accettata con Modifica in alcune Righe</cbc:Note>
	<cbc:DocumentCurrencyCode listID="ISO4217">EUR</cbc:DocumentCurrencyCode>
	<cac:OrderReference>
		<cbc:ID>123456#2019-02-20#ABCDEF#Revised</cbc:ID>
	</cac:OrderReference>
	<!--Fornitore, Venditore-->
	<cac:SellerSupplierParty>
		<cac:Party>
			<cbc:EndpointID schemeID="9906">IT05501420961</cbc:EndpointID>
			<cac:PostalAddress>
				<cbc:StreetName>VIA CADUTI DI MARCINELLE,13</cbc:StreetName>
				<cbc:AdditionalStreetName>Deposito Consegnatario</cbc:AdditionalStreetName>
				<cbc:CityName>MILANO</cbc:CityName>
				<cbc:PostalZone>20100</cbc:PostalZone>
				<cbc:CountrySubentity>MI</cbc:CountrySubentity>
				<cac:AddressLine>
					<cbc:Line>Zona Lombardia</cbc:Line>
				</cac:AddressLine>
				<cac:Country>
					<cbc:IdentificationCode listID="ISO3166-1:Alpha2">IT</cbc:IdentificationCode>
				</cac:Country>
			</cac:PostalAddress>
			<cac:PartyLegalEntity>
				<cbc:RegistrationName>Venditore S.p.A.</cbc:RegistrationName>
			</cac:PartyLegalEntity>
			<cac:Contact>
				<cbc:Name>Caio Caio</cbc:Name>
				<cbc:ElectronicMail>Venditore@italia.it</cbc:ElectronicMail>
			</cac:Contact>
		</cac:Party>
	</cac:SellerSupplierParty>
	<!--Mittente, Cliente-->
	<cac:BuyerCustomerParty>
		<cac:Party>
			<cbc:EndpointID schemeID="9921">ABCDEF</cbc:EndpointID>
			<cac:PostalAddress>
				<cbc:StreetName>VIA VERTOIBA 10/A</cbc:StreetName>
				<cbc:CityName>REGGIO EMILIA</cbc:CityName>
				<cbc:PostalZone>42122</cbc:PostalZone>
				<cbc:CountrySubentity>RE</cbc:CountrySubentity>
				<cac:AddressLine>
					<cbc:Line>Zona Periferia</cbc:Line>
				</cac:AddressLine>
				<cac:Country>
					<cbc:IdentificationCode listID="ISO3166-1:Alpha2">IT</cbc:IdentificationCode>
				</cac:Country>
			</cac:PostalAddress>
			<cac:PartyLegalEntity>
				<cbc:RegistrationName>Acquirente Pubblico - Azienda Sanitaria</cbc:RegistrationName>
			</cac:PartyLegalEntity>
			<cac:Contact>
				<cbc:Name>Tizio Tizio</cbc:Name>
				<cbc:ElectronicMail>Acquirente@Ausl.it</cbc:ElectronicMail>
			</cac:Contact>
		</cac:Party>
	</cac:BuyerCustomerParty>
	<cac:Delivery>
		<cac:PromisedDeliveryPeriod>
			<cbc:StartDate>2019-03-01</cbc:StartDate>
			<cbc:EndDate>2019-04-30</cbc:EndDate>
		</cac:PromisedDeliveryPeriod>
	</cac:Delivery>
</OrderResponse>
