<?xml version="1.0" encoding="UTF-8"?>
<Order xmlns:xs="http://www.w3.org/2001/XMLSchema"
		xmlns="urn:oasis:names:specification:ubl:schema:xsd:Order-2"
		xmlns:cac="urn:oasis:names:specification:ubl:schema:xsd:CommonAggregateComponents-2"
		xmlns:cbc="urn:oasis:names:specification:ubl:schema:xsd:CommonBasicComponents-2">
	<cbc:CustomizationID>urn:fdc:peppol.eu:poacc:trns:order:3:extended:urn:www.ubl-italia.org:spec:ordine:ver3.1</cbc:CustomizationID>
	<cbc:ProfileID>urn:fdc:peppol.eu:poacc:bis:order_only:3</cbc:ProfileID>
	<cbc:ID>2018/10021125</cbc:ID>
	<cbc:IssueDate>2018-10-07</cbc:IssueDate>
	<cbc:OrderTypeCode listID="UNCL1001">220</cbc:OrderTypeCode>
	<cbc:Note>Ordine di Acquisto con Arrotondamento</cbc:Note>
	<cbc:DocumentCurrencyCode listID="ISO4217">EUR</cbc:DocumentCurrencyCode>
	<cac:ValidityPeriod>
		<cbc:EndDate>2018-12-31</cbc:EndDate>
	</cac:ValidityPeriod>
	<cac:AdditionalDocumentReference>
		<cbc:ID>XYZ</cbc:ID>
		<cbc:DocumentType>CIG</cbc:DocumentType>
	</cac:AdditionalDocumentReference>
	<cac:Contract>
		<cbc:ID>2016.123</cbc:ID>
		<!--<cbc:ContractType>CONTRATTO</cbc:ContractType>-->
	</cac:Contract>
	<cac:BuyerCustomerParty>
		<cac:Party>
			<cbc:EndpointID schemeID="9921">ABCDEF</cbc:EndpointID>
			<cac:PartyIdentification>
				<cbc:ID schemeID="9921">ABCDEF</cbc:ID>
			</cac:PartyIdentification>
			<cac:PartyName>
				<cbc:Name>Acquirente Pubblico - Azienda Sanitaria</cbc:Name>
			</cac:PartyName>
			<cac:PostalAddress>
				<cbc:StreetName>Via Albertoni, 15</cbc:StreetName>
				<cbc:CityName>Bologna</cbc:CityName>
				<cbc:PostalZone>40138</cbc:PostalZone>
				<cbc:CountrySubentity>BO</cbc:CountrySubentity>
				<cac:AddressLine>
					<cbc:Line>Zona Periferia</cbc:Line>
				</cac:AddressLine>
				<cac:Country>
					<cbc:IdentificationCode listID="ISO3166-1:Alpha2">IT</cbc:IdentificationCode>
				</cac:Country>
			</cac:PostalAddress>
			<cac:PartyTaxScheme>
				<cbc:CompanyID schemeID="9907">92038610371</cbc:CompanyID>
				<cac:TaxScheme>
					<cbc:ID>VAT</cbc:ID>
				</cac:TaxScheme>
			</cac:PartyTaxScheme>
			<cac:PartyLegalEntity>
				<cbc:RegistrationName>Acquirente Pubblico - Azienda Sanitaria</cbc:RegistrationName>
			</cac:PartyLegalEntity>
			<cac:Contact>
				<cbc:Name>Tizio Tizio</cbc:Name>
				<cbc:ElectronicMail>Acquirente@Aosp.BO.it</cbc:ElectronicMail>
			</cac:Contact>
		</cac:Party>
	</cac:BuyerCustomerParty>
	<cac:SellerSupplierParty>
		<cac:Party>
			<cbc:EndpointID schemeID="9906">IT00495451205</cbc:EndpointID>
			<cac:PartyIdentification>
				<cbc:ID schemeID="9921">0000000</cbc:ID>
			</cac:PartyIdentification>
			<cac:PartyName>
				<cbc:Name>Venditore S.p.A.</cbc:Name>
			</cac:PartyName>
			<cac:PostalAddress>
				<cbc:StreetName>Via della Colombaia, 12</cbc:StreetName>
				<cbc:AdditionalStreetName>Deposito Consegnatario: ARS CHIRURGICA SRL (PMC), 05191815</cbc:AdditionalStreetName>
				<cbc:CityName>San Giovanni in Persiceto</cbc:CityName>
				<cbc:PostalZone>40017</cbc:PostalZone>
				<cbc:CountrySubentity>BO</cbc:CountrySubentity>
				<cac:AddressLine>
					<cbc:Line>Deposito Consegnatario: Venditore S.p.A</cbc:Line>
				</cac:AddressLine>
				<cac:Country>
					<cbc:IdentificationCode listID="ISO3166-1:Alpha2">IT</cbc:IdentificationCode>
				</cac:Country>
			</cac:PostalAddress>
			<cac:PartyLegalEntity>
				<cbc:RegistrationName>Venditore S.p.A.</cbc:RegistrationName>
			</cac:PartyLegalEntity>
			<cac:Contact>
				<cbc:Name>Caio Caio</cbc:Name>
				<cbc:ElectronicMail>PEC:Venditore@pec.italia.it</cbc:ElectronicMail>
			</cac:Contact>
		</cac:Party>
	</cac:SellerSupplierParty>
	<cac:AccountingCustomerParty>
		<cac:Party>
			<cac:PartyIdentification>
				<cbc:ID schemeID="9921">ABCDEF</cbc:ID>
			</cac:PartyIdentification>
			<cac:PartyName>
				<cbc:Name>Acquirente Pubblico - Azienda Sanitaria</cbc:Name>
			</cac:PartyName>
			<cac:PostalAddress>
				<cbc:StreetName>Via Albertoni, 15</cbc:StreetName>
				<cbc:AdditionalStreetName>Risorse Economiche e Finanziarie</cbc:AdditionalStreetName>
				<cbc:CityName>Bologna</cbc:CityName>
				<cbc:PostalZone>40138</cbc:PostalZone>
				<cbc:CountrySubentity>BO</cbc:CountrySubentity>
				<cac:AddressLine>
					<cbc:Line>Risorse Economiche e Finanziarie:Stanza 18</cbc:Line>
				</cac:AddressLine>
				<cac:Country>
					<cbc:IdentificationCode listID="ISO3166-1:Alpha2">IT</cbc:IdentificationCode>
				</cac:Country>
			</cac:PostalAddress>
			<cac:PartyLegalEntity>
				<cbc:RegistrationName>Acquirente Pubblico - Azienda Sanitaria</cbc:RegistrationName>
			</cac:PartyLegalEntity>
			<cac:Contact>
				<!--<cbc:ID>XY01</cbc:ID>-->
				<cbc:ElectronicMail>ufficio.fatturazione@aosp.bologna.it</cbc:ElectronicMail>
			</cac:Contact>
		</cac:Party>
	</cac:AccountingCustomerParty>
	<cac:Delivery>
		<cac:DeliveryLocation>
		<cbc:ID>C34</cbc:ID>
			<cac:Address>
				<cbc:StreetName>Viale Ercolani, 4</cbc:StreetName>
				<cbc:CityName>Bologna</cbc:CityName>
				<cbc:PostalZone>40138</cbc:PostalZone>
				<cbc:CountrySubentity>BO</cbc:CountrySubentity>
				<cac:Country>
					<cbc:IdentificationCode listID="ISO3166-1:Alpha2">IT</cbc:IdentificationCode>
				</cac:Country>
			</cac:Address>
		</cac:DeliveryLocation>
		<cac:DeliveryParty>
			<!--<cac:PartyIdentification>
				<cbc:ID schemeID="9907">92038610371</cbc:ID>
			</cac:PartyIdentification>-->
			<cac:PartyName>
				<cbc:Name>Centro Logistico Beni Sanit-Ecom Area 2</cbc:Name>
			</cac:PartyName>
			<cac:Contact>
				<cbc:Telephone>0516361509</cbc:Telephone>
				<!--<cbc:Telefax>0516361511</cbc:Telefax>-->
			</cac:Contact>
		</cac:DeliveryParty>
	</cac:Delivery>
	<cac:PaymentTerms>
		<cbc:Note>PORTO FRANCO</cbc:Note>
	</cac:PaymentTerms>
	<cac:PaymentTerms>
		<cbc:Note>D.LGS. 231/2002 S.M.I.</cbc:Note>
	</cac:PaymentTerms>
	<cac:TaxTotal>
		<cbc:TaxAmount currencyID="EUR">10.37</cbc:TaxAmount>
	</cac:TaxTotal>
	<!--Gestione Arrotondamenti su 0.5 (eccesso, difetto)-->
	<cac:AnticipatedMonetaryTotal>
		<cbc:LineExtensionAmount currencyID="EUR">103.75</cbc:LineExtensionAmount>
		<cbc:TaxExclusiveAmount currencyID="EUR">103.75</cbc:TaxExclusiveAmount>
		<cbc:TaxInclusiveAmount currencyID="EUR">114.12</cbc:TaxInclusiveAmount>
		<cbc:PayableAmount currencyID="EUR">114.12</cbc:PayableAmount>
	</cac:AnticipatedMonetaryTotal>
	<cac:OrderLine>
		<cac:LineItem>
			<cbc:ID>1</cbc:ID>
			<cbc:Quantity unitCode="C62" unitCodeListID="UNECERec20">25</cbc:Quantity>
			<cbc:LineExtensionAmount currencyID="EUR">103.75</cbc:LineExtensionAmount>
			<cac:Price>
				<cbc:PriceAmount currencyID="EUR">4.15000</cbc:PriceAmount>
			</cac:Price>
			<cac:Item>
				<cbc:Description>128481</cbc:Description>
				<cbc:Name>CISTO - AID 650036(EX79847-E)BRACCO</cbc:Name>
				<cac:SellersItemIdentification>
					<cbc:ID>79847-E</cbc:ID>
				</cac:SellersItemIdentification>
				<cac:ClassifiedTaxCategory>
					<!--<cbc:ID schemeID="UNCL5305">AA</cbc:ID>-->
					<cbc:ID schemeID="UNCL5305">S</cbc:ID>
					<cbc:Percent>10</cbc:Percent>
					<cac:TaxScheme>
						<cbc:ID >VAT</cbc:ID>
					</cac:TaxScheme>
				</cac:ClassifiedTaxCategory>
			</cac:Item>
		</cac:LineItem>
	</cac:OrderLine>
</Order>