<?xml version="1.0" encoding="UTF-8"?>
<Order xmlns:xs="http://www.w3.org/2001/XMLSchema"
		xmlns="urn:oasis:names:specification:ubl:schema:xsd:Order-2"
		xmlns:cac="urn:oasis:names:specification:ubl:schema:xsd:CommonAggregateComponents-2"
		xmlns:cbc="urn:oasis:names:specification:ubl:schema:xsd:CommonBasicComponents-2">
	<cbc:CustomizationID>urn:fdc:peppol.eu:poacc:trns:order:3:extended:urn:www.ubl-italia.org:spec:ordine:ver3.1</cbc:CustomizationID>
	<cbc:ProfileID>urn:fdc:peppol.eu:poacc:bis:order_only:3</cbc:ProfileID>
	<cbc:ID>123456</cbc:ID>
	<cbc:IssueDate>2019-02-20</cbc:IssueDate>
	<cbc:OrderTypeCode listID="UNCL1001">220</cbc:OrderTypeCode>
	<cbc:Note>Order Only: Caso Uso 4</cbc:Note>
	<cbc:DocumentCurrencyCode listID="ISO4217">EUR</cbc:DocumentCurrencyCode>
	<cac:ValidityPeriod>
		<cbc:EndDate>2019-12-31</cbc:EndDate>
	</cac:ValidityPeriod>
	<cac:AdditionalDocumentReference>
		<cbc:ID>XYZ</cbc:ID>
		<cbc:DocumentType>CIG</cbc:DocumentType>
	</cac:AdditionalDocumentReference>
	<cac:Contract>
		<cbc:ID>2016.123</cbc:ID>
		<cbc:ContractType>CONTRATTO</cbc:ContractType>
	</cac:Contract>
	<!--Acquirente. Chi acquista la merce-->
	<cac:BuyerCustomerParty>
		<cac:Party>
			<cbc:EndpointID schemeID="9921">ABCDEF</cbc:EndpointID>
			<cac:PartyIdentification>
				<cbc:ID schemeID="9921">ABCDEF</cbc:ID>
			</cac:PartyIdentification>
			<cac:PartyName>
				<cbc:Name>Acquirente Pubblico - Azienda Sanitaria</cbc:Name>
			</cac:PartyName>
			<cac:PostalAddress>
				<cbc:StreetName>VIA VERTOIBA 10/A</cbc:StreetName>
				<cbc:CityName>REGGIO EMILIA</cbc:CityName>
				<cbc:PostalZone>42122</cbc:PostalZone>
				<cbc:CountrySubentity>RE</cbc:CountrySubentity>
				<cac:AddressLine>
					<cbc:Line>Zona Periferia</cbc:Line>
				</cac:AddressLine>
				<cac:Country>
					<cbc:IdentificationCode listID="ISO3166-1:Alpha2">IT</cbc:IdentificationCode>
				</cac:Country>
			</cac:PostalAddress>
			<cac:PartyTaxScheme>
				<cbc:CompanyID schemeID="IT:VAT">IT01598570354</cbc:CompanyID>
				<cac:TaxScheme>
					<cbc:ID>VAT</cbc:ID>
				</cac:TaxScheme>
			</cac:PartyTaxScheme>
			<cac:PartyLegalEntity>
				<cbc:RegistrationName>Acquirente Pubblico - Azienda Sanitaria</cbc:RegistrationName>
			</cac:PartyLegalEntity>
			<cac:Contact>
				<cbc:Name>Tizio Tizio</cbc:Name>
				<cbc:ElectronicMail>Acquirente@Ausl.it</cbc:ElectronicMail>
			</cac:Contact>
		</cac:Party>
	</cac:BuyerCustomerParty>
	<!--Fornitore. Chi vende la merce-->
	<cac:SellerSupplierParty>
		<cac:Party>
			<cbc:EndpointID schemeID="9906">IT05501420961</cbc:EndpointID>
			<cac:PartyIdentification>
				<cbc:ID schemeID="9921">1234567</cbc:ID>
			</cac:PartyIdentification>
			<cac:PartyName>
				<cbc:Name>Venditore S.p.A.</cbc:Name>
			</cac:PartyName>
			<cac:PostalAddress>
				<cbc:StreetName>VIA CADUTI DI MARCINELLE,13</cbc:StreetName>
				<cbc:CityName>MILANO</cbc:CityName>
				<cbc:PostalZone>20100</cbc:PostalZone>
				<cbc:CountrySubentity>MI</cbc:CountrySubentity >
				<cac:AddressLine>
					<cbc:Line>Zona Lombardia</cbc:Line>
				</cac:AddressLine>
				<cac:Country>
					<cbc:IdentificationCode listID="ISO3166-1:Alpha2">IT</cbc:IdentificationCode>
				</cac:Country>
			</cac:PostalAddress>
			<cac:PartyLegalEntity>
				<cbc:RegistrationName>Venditore S.p.A.</cbc:RegistrationName>
			</cac:PartyLegalEntity>
			<cac:Contact>
				<cbc:Name>Caio Caio</cbc:Name>
				<cbc:ElectronicMail>Venditore@italia.it</cbc:ElectronicMail>
			</cac:Contact>
		</cac:Party>
	</cac:SellerSupplierParty>
	<!--Committente. Chi emette l'ordine. Utente finale-->
	<cac:OriginatorCustomerParty> 
		<cac:Party>
			<cac:PartyName> 
				<cbc:Name>Ufficio Acquisti</cbc:Name>
			</cac:PartyName> 
			<cac:Contact>
				<cbc:Name>Roberto Gastone</cbc:Name>
				<cbc:Telephone>010150847</cbc:Telephone>
				<cbc:ElectronicMail>roberto.gastone@acquirente.it</cbc:ElectronicMail>
			</cac:Contact>
		</cac:Party>
	</cac:OriginatorCustomerParty>
	<!--Intestatario fattura. Chi riceve la fattura relativa all'ordine-->
	<cac:AccountingCustomerParty>
		<cac:Party>
			<cac:PartyIdentification>
				<cbc:ID schemeID="9921">ABCDEF</cbc:ID>
			</cac:PartyIdentification>
			<cac:PartyName>
				<cbc:Name>Acquirente Pubblico - Azienda Sanitaria</cbc:Name>
			</cac:PartyName>
			<cac:PostalAddress>
				<cbc:StreetName>Via Amendola,2</cbc:StreetName>
				<cbc:CityName>REGGIO EMILIA</cbc:CityName>
				<cbc:PostalZone>42100</cbc:PostalZone>
				<cbc:CountrySubentity>RE</cbc:CountrySubentity>
				<cac:AddressLine>
					<cbc:Line>Stanza 18</cbc:Line>
				</cac:AddressLine>
				<cac:Country>
					<cbc:IdentificationCode listID="ISO3166-1:Alpha2">IT</cbc:IdentificationCode>
				</cac:Country>
			</cac:PostalAddress>
			<cac:PartyLegalEntity>
				<cbc:RegistrationName>Acquirente Pubblico - Azienda Sanitaria</cbc:RegistrationName>
			</cac:PartyLegalEntity>
			<cac:Contact>
				<cbc:ID>XY01</cbc:ID>
				<cbc:ElectronicMail>ufficio.fatturazione@ausl.it</cbc:ElectronicMail>
			</cac:Contact>
		</cac:Party>
	</cac:AccountingCustomerParty>
	<cac:Delivery>
		<cac:DeliveryLocation>
			<cbc:ID>99 UNITA LOGISTICA CENTRALIZZATA</cbc:ID>
			<cac:Address>
				<cbc:StreetName>VIA VERTOIBA 10/A</cbc:StreetName>
				<cbc:CityName>REGGIO EMILIA</cbc:CityName>
				<cbc:PostalZone>42122</cbc:PostalZone>
				<cbc:CountrySubentity>RE</cbc:CountrySubentity>
				<cac:Country>
					<cbc:IdentificationCode listID="ISO3166-1:Alpha2">IT</cbc:IdentificationCode>
				</cac:Country>
			</cac:Address>
		</cac:DeliveryLocation>
		<cac:RequestedDeliveryPeriod>
			<cbc:StartDate>2019-03-01</cbc:StartDate>
			<cbc:EndDate>2019-04-30</cbc:EndDate>
		</cac:RequestedDeliveryPeriod>
	</cac:Delivery>
	<cac:DeliveryTerms>
		<cbc:ID>PORTO FRANCO</cbc:ID>
		<cbc:SpecialTerms>Orario: Lunedì-Venerdì 8:00-13:00 - Sabato 8:00-12:00</cbc:SpecialTerms>
	</cac:DeliveryTerms>
	<cac:PaymentTerms>
		<cbc:Note>D.LGS. 231/2002 S.M.I.</cbc:Note>
	</cac:PaymentTerms>
	<cac:TaxTotal>
		<cbc:TaxAmount currencyID="EUR">53.90</cbc:TaxAmount>
	</cac:TaxTotal>
	<cac:AnticipatedMonetaryTotal>
		<cbc:LineExtensionAmount currencyID="EUR">245.00</cbc:LineExtensionAmount>
		<cbc:TaxExclusiveAmount currencyID="EUR">245.00</cbc:TaxExclusiveAmount>
		<cbc:TaxInclusiveAmount currencyID="EUR">298.90</cbc:TaxInclusiveAmount>
		<cbc:PayableAmount currencyID="EUR">298.90</cbc:PayableAmount>
	</cac:AnticipatedMonetaryTotal>
	<cac:OrderLine>
		<cac:LineItem>
			<cbc:ID>1</cbc:ID>
			<cbc:Quantity unitCode="C62" unitCodeListID="UNECERec20">10</cbc:Quantity>
			<cbc:LineExtensionAmount currencyID="EUR">35.00</cbc:LineExtensionAmount>
			<cac:Delivery>
				<cac:RequestedDeliveryPeriod>
					<cbc:StartDate>2019-03-01</cbc:StartDate>
					<cbc:EndDate>2019-03-04</cbc:EndDate>
				</cac:RequestedDeliveryPeriod>
			</cac:Delivery>
			<!--Sconto su Riga-->
			<cac:AllowanceCharge>
				<cbc:ChargeIndicator>false</cbc:ChargeIndicator>
				<cbc:AllowanceChargeReasonCode>95</cbc:AllowanceChargeReasonCode>
				<cbc:AllowanceChargeReason>Sconto su riga</cbc:AllowanceChargeReason>
				<!--Amount/BaseAmount, 15/50=0.3x100 in Peppol 30%-->
				<cbc:MultiplierFactorNumeric>30</cbc:MultiplierFactorNumeric>
				<cbc:Amount currencyID="EUR">15.00</cbc:Amount>
				<cbc:BaseAmount currencyID="EUR">50.00</cbc:BaseAmount>
			</cac:AllowanceCharge>
			<cac:Price>
				<cbc:PriceAmount currencyID="EUR">5.00000</cbc:PriceAmount>
			</cac:Price>
			<cac:Item>
				<cbc:Description>128481</cbc:Description>
				<cbc:Name>Articolo 1</cbc:Name>
				<cac:SellersItemIdentification>
					<cbc:ID>7980</cbc:ID>
				</cac:SellersItemIdentification>
				<cac:ClassifiedTaxCategory>
					<cbc:ID schemeID="UNCL5305">S</cbc:ID>
					<cbc:Percent>22</cbc:Percent>
					<cac:TaxScheme>
						<cbc:ID>VAT</cbc:ID>
					</cac:TaxScheme>
				</cac:ClassifiedTaxCategory>
			</cac:Item>
		</cac:LineItem>
	</cac:OrderLine>
	<cac:OrderLine>
		<cac:LineItem>
			<cbc:ID>2</cbc:ID>
			<cbc:Quantity unitCode="C62" unitCodeListID="UNECERec20">10</cbc:Quantity>
			<cbc:LineExtensionAmount currencyID="EUR">25.00</cbc:LineExtensionAmount>
			<cac:Delivery>
				<cac:RequestedDeliveryPeriod>
					<cbc:StartDate>2019-04-01</cbc:StartDate>
					<cbc:EndDate>2019-04-10</cbc:EndDate>
				</cac:RequestedDeliveryPeriod>
			</cac:Delivery>
			<!--Sconto su Riga-->
			<cac:AllowanceCharge>
				<cbc:ChargeIndicator>false</cbc:ChargeIndicator>
				<cbc:AllowanceChargeReasonCode>95</cbc:AllowanceChargeReasonCode>
				<cbc:AllowanceChargeReason>Sconto su riga</cbc:AllowanceChargeReason>
				<!--Amount/BaseAmount, 15/40=0.375x100 in Peppol 37.5%-->
				<cbc:MultiplierFactorNumeric>37.5</cbc:MultiplierFactorNumeric>
				<cbc:Amount currencyID="EUR">15.00</cbc:Amount>
				<cbc:BaseAmount currencyID="EUR">40.00</cbc:BaseAmount>
			</cac:AllowanceCharge>
			<cac:Price>
				<cbc:PriceAmount currencyID="EUR">4.00000</cbc:PriceAmount>
			</cac:Price>
			<cac:Item>
				<cbc:Description>128482</cbc:Description>
				<cbc:Name>Articolo 2</cbc:Name>
				<cac:SellersItemIdentification>
					<cbc:ID>7981</cbc:ID>
				</cac:SellersItemIdentification>
				<cac:ClassifiedTaxCategory>
					<cbc:ID schemeID="UNCL5305">S</cbc:ID>
					<cbc:Percent>22</cbc:Percent>
					<cac:TaxScheme>
						<cbc:ID>VAT</cbc:ID>
					</cac:TaxScheme>
				</cac:ClassifiedTaxCategory>
			</cac:Item>
		</cac:LineItem>
	</cac:OrderLine>
	<cac:OrderLine>
		<cac:LineItem>
			<cbc:ID>3</cbc:ID>
			<cbc:Quantity unitCode="C62" unitCodeListID="UNECERec20">5</cbc:Quantity>
			<cbc:LineExtensionAmount currencyID="EUR">125.00</cbc:LineExtensionAmount>
			<cac:Delivery>
				<cac:RequestedDeliveryPeriod>
					<cbc:StartDate>2019-04-20</cbc:StartDate>
					<cbc:EndDate>2019-04-30</cbc:EndDate>
				</cac:RequestedDeliveryPeriod>
			</cac:Delivery>
			<cac:Price>
				<cbc:PriceAmount currencyID="EUR">25.00000</cbc:PriceAmount>
				<!--Sconto su Prezzo-->
				<cac:AllowanceCharge>
					<cbc:ChargeIndicator>false</cbc:ChargeIndicator>
					<cbc:AllowanceChargeReasonCode>95</cbc:AllowanceChargeReasonCode>
					<cbc:AllowanceChargeReason>Sconto su Prezzo</cbc:AllowanceChargeReason>
					<cbc:MultiplierFactorNumeric>0.16</cbc:MultiplierFactorNumeric>
					<cbc:Amount currencyID="EUR">5.00</cbc:Amount>
					<cbc:BaseAmount currencyID="EUR">30.00</cbc:BaseAmount>
				</cac:AllowanceCharge>
			</cac:Price>
			<cac:Item>
				<cbc:Description>128483</cbc:Description>
				<cbc:Name>Articolo 3</cbc:Name>
				<cac:SellersItemIdentification>
					<cbc:ID>7982</cbc:ID>
				</cac:SellersItemIdentification>
				<cac:ClassifiedTaxCategory>
					<cbc:ID schemeID="UNCL5305">S</cbc:ID>
					<cbc:Percent>22</cbc:Percent>
					<cac:TaxScheme>
						<cbc:ID>VAT</cbc:ID>
					</cac:TaxScheme>
				</cac:ClassifiedTaxCategory>
			</cac:Item>
		</cac:LineItem>
	</cac:OrderLine>
	<cac:OrderLine>
		<cac:LineItem>
			<cbc:ID>4</cbc:ID>
			<cbc:Quantity unitCode="C62" unitCodeListID="UNECERec20">4</cbc:Quantity>
			<cbc:LineExtensionAmount currencyID="EUR">60.00</cbc:LineExtensionAmount>
			<cac:Delivery>
				<cac:RequestedDeliveryPeriod>
					<cbc:StartDate>2019-04-20</cbc:StartDate>
					<cbc:EndDate>2019-04-30</cbc:EndDate>
				</cac:RequestedDeliveryPeriod>
			</cac:Delivery>
			<cac:Price>
				<cbc:PriceAmount currencyID="EUR">15.00000</cbc:PriceAmount>
				<!--Sconto su Prezzo-->
				<cac:AllowanceCharge>
					<cbc:ChargeIndicator>false</cbc:ChargeIndicator>
					<cbc:AllowanceChargeReasonCode>95</cbc:AllowanceChargeReasonCode>
					<cbc:AllowanceChargeReason>Sconto su Prezzo</cbc:AllowanceChargeReason>
					<cbc:MultiplierFactorNumeric>0.25</cbc:MultiplierFactorNumeric>
					<cbc:Amount currencyID="EUR">5.00</cbc:Amount>
					<cbc:BaseAmount currencyID="EUR">20.00</cbc:BaseAmount>
				</cac:AllowanceCharge>
			</cac:Price>
			<cac:Item>
				<cbc:Description>128484</cbc:Description>
				<cbc:Name>Articolo 4</cbc:Name>
				<cac:SellersItemIdentification>
					<cbc:ID>7984</cbc:ID>
				</cac:SellersItemIdentification>
				<cac:ClassifiedTaxCategory>
					<cbc:ID schemeID="UNCL5305">S</cbc:ID>
					<cbc:Percent>22</cbc:Percent>
					<cac:TaxScheme>
						<cbc:ID>VAT</cbc:ID>
					</cac:TaxScheme>
				</cac:ClassifiedTaxCategory>
			</cac:Item>
		</cac:LineItem>
	</cac:OrderLine>
</Order>