<?xml version="1.0" encoding="UTF-8"?>
<Order xmlns:xs="http://www.w3.org/2001/XMLSchema"
		xmlns="urn:oasis:names:specification:ubl:schema:xsd:Order-2"
		xmlns:cac="urn:oasis:names:specification:ubl:schema:xsd:CommonAggregateComponents-2"
		xmlns:cbc="urn:oasis:names:specification:ubl:schema:xsd:CommonBasicComponents-2">
	<cbc:CustomizationID>urn:fdc:peppol.eu:poacc:trns:order:3</cbc:CustomizationID>
	<cbc:ProfileID>urn:fdc:peppol.eu:poacc:bis:order_only:3</cbc:ProfileID>
	<cbc:ID>2018/10021125</cbc:ID>
	<cbc:IssueDate>2018-10-07</cbc:IssueDate>
	<cbc:OrderTypeCode listID="UNCL1001">227</cbc:OrderTypeCode>
	<cbc:Note>Ordine Cancellato e Revisione</cbc:Note>
	<cbc:DocumentCurrencyCode listID="ISO4217">EUR</cbc:DocumentCurrencyCode>
	<cac:ValidityPeriod>
		<cbc:EndDate>2018-12-31</cbc:EndDate>
	</cac:ValidityPeriod>
	<cac:OriginatorDocumentReference> 
		<cbc:ID>63185432A2</cbc:ID> 
	</cac:OriginatorDocumentReference>
	<cac:Contract>
		<cbc:ID>2011/54.1</cbc:ID>
	</cac:Contract>
	<cac:BuyerCustomerParty>
		<cac:Party>
			<cbc:EndpointID schemeID="9921">ABCDEF</cbc:EndpointID>
			<cac:PartyIdentification>
				<cbc:ID schemeID="9921">ABCDEF</cbc:ID>
			</cac:PartyIdentification>
			<cac:PartyName>
				<cbc:Name>Acquirente Pubblico - Azienda Sanitaria</cbc:Name>
			</cac:PartyName>
			<cac:PostalAddress>
				<cbc:StreetName>Via Albertoni, 15</cbc:StreetName>
				<cbc:CityName>Bologna</cbc:CityName>
				<cbc:PostalZone>40138</cbc:PostalZone>
				<cbc:CountrySubentity>BO</cbc:CountrySubentity>
				<cac:AddressLine>
					<cbc:Line>Zona Periferia</cbc:Line>
				</cac:AddressLine>
				<cac:Country>
					<cbc:IdentificationCode listID="ISO3166-1:Alpha2">IT</cbc:IdentificationCode>
				</cac:Country>
			</cac:PostalAddress>
			<cac:PartyTaxScheme>
				<cbc:CompanyID schemeID="9907">92038610371</cbc:CompanyID>
				<cac:TaxScheme>
					<cbc:ID>VAT</cbc:ID>
				</cac:TaxScheme>
			</cac:PartyTaxScheme>
			<cac:PartyLegalEntity>
				<cbc:RegistrationName>Acquirente Pubblico - Azienda Sanitaria</cbc:RegistrationName>
			</cac:PartyLegalEntity>
			<cac:Contact>
				<cbc:Name>Tizio Tizio</cbc:Name>
				<cbc:ElectronicMail>Acquirente@Aosp.BO.it</cbc:ElectronicMail>
			</cac:Contact>
		</cac:Party>
	</cac:BuyerCustomerParty>
	<cac:SellerSupplierParty>
		<cac:Party>
			<cbc:EndpointID schemeID="9906">IT00495451205</cbc:EndpointID>
			<cac:PartyIdentification>
				<cbc:ID schemeID="9921">1234567</cbc:ID>
			</cac:PartyIdentification>
			<cac:PartyName>
				<cbc:Name>Venditore S.p.A.</cbc:Name>
			</cac:PartyName>
			<cac:PostalAddress>
				<cbc:StreetName>Via della Colombaia, 12</cbc:StreetName>
				<cbc:AdditionalStreetName>Deposito Consegnatario: ARS CHIRURGICA SRL (PMC), 05191815</cbc:AdditionalStreetName>
				<cbc:CityName>San Giovanni in Persiceto</cbc:CityName>
				<cbc:PostalZone>40017</cbc:PostalZone>
				<cbc:CountrySubentity>BO</cbc:CountrySubentity>
				<cac:AddressLine>
					<cbc:Line>Deposito Consegnatario: Venditore S.p.A</cbc:Line>
				</cac:AddressLine>
				<cac:Country>
					<cbc:IdentificationCode listID="ISO3166-1:Alpha2">IT</cbc:IdentificationCode>
				</cac:Country>
			</cac:PostalAddress>
			<cac:PartyLegalEntity>
				<cbc:RegistrationName>Venditore S.p.A.</cbc:RegistrationName>
			</cac:PartyLegalEntity>
			<cac:Contact>
				<cbc:Name>Caio Caio</cbc:Name>
				<cbc:ElectronicMail>Venditore@italia.it</cbc:ElectronicMail>
			</cac:Contact>
		</cac:Party>
	</cac:SellerSupplierParty>
	<cac:AccountingCustomerParty>
		<cac:Party>
			<cac:PartyIdentification>
				<cbc:ID schemeID="9921">ABCDEF</cbc:ID>
			</cac:PartyIdentification>
			<cac:PartyName>
				<cbc:Name>Acquirente Pubblico - Azienda Sanitaria</cbc:Name>
			</cac:PartyName>
			<cac:PostalAddress>
				<cbc:StreetName>Via Albertoni, 15</cbc:StreetName>
				<cbc:AdditionalStreetName>Risorse Economiche e Finanziarie</cbc:AdditionalStreetName>
				<cbc:CityName>Bologna</cbc:CityName>
				<cbc:PostalZone>40138</cbc:PostalZone>
				<cbc:CountrySubentity>BO</cbc:CountrySubentity>
				<cac:AddressLine>
					<cbc:Line>Risorse Economiche e Finanziarie:Stanza 18</cbc:Line>
				</cac:AddressLine>
				<cac:Country>
					<cbc:IdentificationCode listID="ISO3166-1:Alpha2">IT</cbc:IdentificationCode>
				</cac:Country>
			</cac:PostalAddress>
			<cac:PartyLegalEntity>
				<cbc:RegistrationName>Acquirente Pubblico - Azienda Sanitaria</cbc:RegistrationName>
			</cac:PartyLegalEntity>
			<cac:Contact>
				<cbc:ID>XY01</cbc:ID>
				<cbc:ElectronicMail>ufficio.fatturazione@aosp.bologna.it</cbc:ElectronicMail>
			</cac:Contact>
		</cac:Party>
	</cac:AccountingCustomerParty>
	<cac:Delivery>
		<cac:DeliveryLocation>
			<cbc:ID>C34</cbc:ID>
			<cac:Address>
				<cbc:StreetName>Viale Ercolani, 4</cbc:StreetName>
				<cbc:CityName>Bologna</cbc:CityName>
				<cbc:PostalZone>40138</cbc:PostalZone>
				<cbc:CountrySubentity>BO</cbc:CountrySubentity>
				<cac:AddressLine>
					<cbc:Line>Orario: Lun. - Ven. 8:00-13:00 / Sab. 8:00-12:00</cbc:Line>
				</cac:AddressLine>
				<cac:Country>
					<cbc:IdentificationCode listID="ISO3166-1:Alpha2">IT</cbc:IdentificationCode>
				</cac:Country>
			</cac:Address>
		</cac:DeliveryLocation>
		<cac:DeliveryParty>
			<cac:PartyIdentification>
				<cbc:ID schemeID="9907">92038610371</cbc:ID>
			</cac:PartyIdentification>
			<cac:PartyName>
				<cbc:Name>Centro Logistico Beni Sanit-Ecom Area 2</cbc:Name>
			</cac:PartyName>
			<cac:Contact>
				<cbc:Telephone>0516361509</cbc:Telephone>
				<cbc:Telefax>0516361511</cbc:Telefax>
			</cac:Contact>
		</cac:DeliveryParty>
	</cac:Delivery>
	<cac:DeliveryTerms>
		<cbc:ID>PORTO FRANCO</cbc:ID>
	</cac:DeliveryTerms>
	<cac:PaymentTerms>
		<cbc:Note>D.LGS.231/2002 S.M.I.</cbc:Note>
	</cac:PaymentTerms>
	<cac:TaxTotal>
		<cbc:TaxAmount currencyID="EUR">550.00</cbc:TaxAmount>
	</cac:TaxTotal>
	<cac:AnticipatedMonetaryTotal>
		<cbc:LineExtensionAmount currencyID="EUR">2500.00</cbc:LineExtensionAmount>
		<cbc:TaxExclusiveAmount currencyID="EUR">2500.00</cbc:TaxExclusiveAmount>
		<cbc:TaxInclusiveAmount currencyID="EUR">3050.00</cbc:TaxInclusiveAmount>
		<cbc:PayableAmount currencyID="EUR">3050.00</cbc:PayableAmount>
	</cac:AnticipatedMonetaryTotal>
	<cac:OrderLine>
		<cac:LineItem>
			<cbc:ID>1</cbc:ID>
			<cbc:Quantity unitCode="XPK" unitCodeListID="UNECERec20">1000</cbc:Quantity>
			<cbc:LineExtensionAmount currencyID="EUR">2500.00</cbc:LineExtensionAmount>
			<cbc:AccountingCost>18000101</cbc:AccountingCost>
			<cac:Price>
				<cbc:PriceAmount currencyID="EUR">2.50000</cbc:PriceAmount>
			</cac:Price>
			<cac:Item>
				<cbc:Description>Bottiglia in plastica</cbc:Description>
				<cbc:Name>Sanpellegrino Acqua Naturale - Confezione da 6 Bottiglie x 1.5 Litri</cbc:Name>
				<cac:SellersItemIdentification>
					<cbc:ID>1005</cbc:ID>
				</cac:SellersItemIdentification>
				<cac:StandardItemIdentification>
					<!-- GTIN - Global Trade Item Number Issuing agency: EAN-->
					<cbc:ID schemeID="0160">05704368124358</cbc:ID>
				</cac:StandardItemIdentification>
				<cac:ClassifiedTaxCategory>
					<cbc:ID schemeID="UNCL5305">S</cbc:ID>
					<cbc:Percent>22</cbc:Percent>
					<cac:TaxScheme>
						<cbc:ID>VAT</cbc:ID>
					</cac:TaxScheme>
				</cac:ClassifiedTaxCategory>
			</cac:Item>
		</cac:LineItem>
	</cac:OrderLine>
</Order>